onset	duration	nwb_table	stimulus_type	stimulus_description	estim_current	estim_target_region	estim_target_depth	behavioral_epoch	is_running	is_valid
27.13694000000001	0.0006999999999912632	trials	electrical	biphasic	20	MOs	superficial	awake	True	True
30.79953899	0.0008010099999999909	trials	electrical	biphasic	20	MOs	superficial	awake	True	True
35.09424798	0.0009020199999980605	trials	electrical	biphasic	20	MOs	superficial	awake	False	True
38.90588697	0.001013030000002857	trials	electrical	biphasic	20	MOs	superficial	awake	False	True
42.93485596	0.001104040000001305	trials	electrical	biphasic	20	MOs	superficial	awake	False	True
46.60091495	0.001215049999998996	trials	electrical	biphasic	20	MOs	superficial	awake	False	True
50.70332394	0.0013060600000045497	trials	electrical	biphasic	20	MOs	superficial	awake	False	True
54.46672293	0.0014170700000093461	trials	electrical	biphasic	20	MOs	superficial	awake	False	True
58.62123192	0.0015080800000006889	trials	electrical	biphasic	20	MOs	superficial	awake	False	True
62.81088091	0.0016090899999952057	trials	electrical	biphasic	20	MOs	superficial	awake	False	True
67.0594599	0.001720100000014213	trials	electrical	biphasic	20	MOs	superficial	awake	True	True
71.01042889	0.0018111100000055558	trials	electrical	biphasic	20	MOs	superficial	awake	False	False
74.59466788	0.0019221200000032468	trials	electrical	biphasic	20	MOs	superficial	awake	True	True
78.32407687	0.0020131300000230112	trials	electrical	biphasic	20	MOs	superficial	awake	False	True
82.73783586	0.0021241399999922805	trials	electrical	biphasic	20	MOs	superficial	awake	False	True
86.39064485	0.002215149999997834	trials	electrical	biphasic	20	MOs	superficial	awake	False	True
90.71689384	0.002316160000006562	trials	electrical	biphasic	20	MOs	superficial	awake	False	True
94.75565283	0.002427170000004253	trials	electrical	biphasic	20	MOs	superficial	awake	False	True
99.25222182	0.0025181799999955956	trials	electrical	biphasic	20	MOs	superficial	awake	False	True
102.8308208	0.0026292000000012195	trials	electrical	biphasic	20	MOs	superficial	awake	False	True
106.7739298	0.00272019999999884	trials	electrical	biphasic	20	MOs	superficial	awake	False	True
110.3810088	0.0028312000000028092	trials	electrical	biphasic	20	MOs	superficial	awake	False	True
114.8433378	0.002922200000014641	trials	electrical	biphasic	20	MOs	superficial	awake	False	True
118.3483968	0.003033199999990188	trials	electrical	biphasic	20	MOs	superficial	awake	False	True
122.62374579999998	0.0031242000000162307	trials	electrical	biphasic	20	MOs	superficial	awake	False	True
126.9414747	0.003225299999996878	trials	electrical	biphasic	20	MOs	superficial	awake	False	True
131.3106037	0.003326299999997673	trials	electrical	biphasic	20	MOs	superficial	awake	False	True
134.8954627	0.0034272999999984677	trials	electrical	biphasic	20	MOs	superficial	awake	False	True
138.79566169999998	0.0035383000000308584	trials	electrical	biphasic	20	MOs	superficial	awake	False	True
142.5559707	0.0036293000000000575	trials	electrical	biphasic	20	MOs	superficial	awake	True	True
146.8564597	0.0037303000000008524	trials	electrical	biphasic	20	MOs	superficial	awake	False	True
150.78829869999996	0.003831300000030069	trials	electrical	biphasic	20	MOs	superficial	awake	False	True
155.19936769999995	0.003932300000059286	trials	electrical	biphasic	20	MOs	superficial	awake	True	True
158.8816267	0.004043300000006411	trials	electrical	biphasic	20	MOs	superficial	awake	False	True
162.64585569999997	0.004134300000032454	trials	electrical	biphasic	20	MOs	superficial	awake	False	True
166.29181459999995	0.0042354000000557335	trials	electrical	biphasic	20	MOs	superficial	awake	False	True
169.9282936	0.004346400000002859	trials	electrical	biphasic	20	MOs	superficial	awake	False	True
174.2980226	0.004447400000003654	trials	electrical	biphasic	20	MOs	superficial	awake	True	True
178.3781516	0.004538400000001275	trials	electrical	biphasic	20	MOs	superficial	awake	True	True
182.4284306	0.004649399999976822	trials	electrical	biphasic	20	MOs	superficial	awake	True	True
186.0738196	0.0047404000000028645	trials	electrical	biphasic	20	MOs	superficial	awake	True	True
190.4272886	0.0048414000000036594	trials	electrical	biphasic	20	MOs	superficial	awake	True	True
194.5497676	0.0049524000000076285	trials	electrical	biphasic	20	MOs	superficial	awake	False	True
198.4011566	0.005043400000005249	trials	electrical	biphasic	20	MOs	superficial	awake	False	True
202.4148356	0.005144400000006044	trials	electrical	biphasic	20	MOs	superficial	awake	False	True
206.3170645	0.005245500000000902	trials	electrical	biphasic	20	MOs	superficial	awake	False	True
209.8934435	0.005346500000001697	trials	electrical	biphasic	20	MOs	superficial	awake	False	True
213.6337825	0.005457500000005666	trials	electrical	biphasic	20	MOs	superficial	awake	True	True
217.2575315	0.005548500000003287	trials	electrical	biphasic	20	MOs	superficial	awake	False	True
220.9418505	0.005649500000004082	trials	electrical	biphasic	20	MOs	superficial	awake	False	True
224.6822395	0.005750500000004877	trials	electrical	biphasic	20	MOs	superficial	awake	True	True
228.5999185	0.005851500000005672	trials	electrical	biphasic	20	MOs	superficial	awake	False	True
232.1499975	0.005962499999981219	trials	electrical	biphasic	20	MOs	superficial	awake	False	True
236.5531465	0.006053500000007261	trials	electrical	biphasic	20	MOs	superficial	awake	False	True
240.99835550000003	0.006154499999979635	trials	electrical	biphasic	20	MOs	superficial	awake	False	True
244.9896444	0.006255600000002914	trials	electrical	biphasic	20	MOs	superficial	awake	False	True
248.97932340000003	0.006356599999975288	trials	electrical	biphasic	20	MOs	superficial	awake	False	True
252.8174724	0.0064575999999760825	trials	electrical	biphasic	20	MOs	superficial	awake	False	True
257.2179514	0.006568600000036895	trials	electrical	biphasic	20	MOs	superficial	awake	False	True
261.0876204	0.006659600000034516	trials	electrical	biphasic	20	MOs	superficial	awake	True	True
264.6992394	0.006760600000006889	trials	electrical	biphasic	20	MOs	superficial	awake	False	True
268.9799284	0.006861599999979262	trials	electrical	biphasic	20	MOs	superficial	awake	False	True
272.8700874	0.0069726000000400745	trials	electrical	biphasic	20	MOs	superficial	awake	False	True
276.6122164	0.007063599999980852	trials	electrical	biphasic	20	MOs	superficial	awake	False	True
280.5165554	0.007174599999984821	trials	electrical	biphasic	20	MOs	superficial	awake	False	True
284.1134443	0.00726570000006177	trials	electrical	biphasic	20	MOs	superficial	awake	False	True
287.7458433000001	0.007366699999920456	trials	electrical	biphasic	20	MOs	superficial	awake	False	True
292.1883323	0.007467700000006516	trials	electrical	biphasic	20	MOs	superficial	awake	False	True
296.6449013	0.0075686999999788895	trials	electrical	biphasic	20	MOs	superficial	awake	True	True
300.7205203000001	0.007669699999894419	trials	electrical	biphasic	20	MOs	superficial	awake	False	True
304.2807193	0.007780700000012075	trials	electrical	biphasic	20	MOs	superficial	awake	True	True
308.0159283000001	0.007871699999896009	trials	electrical	biphasic	20	MOs	superficial	awake	False	True
311.8695073	0.007982700000013665	trials	electrical	biphasic	20	MOs	superficial	awake	False	True
316.1911363	0.008073700000011286	trials	electrical	biphasic	20	MOs	superficial	awake	False	True
319.7069553	0.008184700000015255	trials	electrical	biphasic	20	MOs	superficial	awake	False	True
323.2504042	0.00827580000003536	trials	electrical	biphasic	20	MOs	superficial	awake	False	True
326.9198232	0.008376800000007734	trials	electrical	biphasic	20	MOs	superficial	awake	True	True
331.0693722000001	0.008477799999923263	trials	electrical	biphasic	20	MOs	superficial	awake	False	True
335.3015112	0.008588799999984076	trials	electrical	biphasic	20	MOs	superficial	awake	False	True
339.4496802	0.00867980000003854	trials	electrical	biphasic	20	MOs	superficial	awake	True	True
343.4010192	0.008790799999985666	trials	electrical	biphasic	20	MOs	superficial	awake	False	True
347.4484482	0.00888180000004013	trials	electrical	biphasic	20	MOs	superficial	awake	True	True
351.2451872	0.008992800000044099	trials	electrical	biphasic	20	MOs	superficial	awake	True	True
355.4903162	0.009083799999984876	trials	electrical	biphasic	20	MOs	superficial	awake	True	True
359.17970519999994	0.009184800000070936	trials	electrical	biphasic	20	MOs	superficial	awake	True	True
363.3669041	0.009285900000008951	trials	electrical	biphasic	20	MOs	superficial	awake	True	True
367.0508531	0.009386900000038167	trials	electrical	biphasic	20	MOs	superficial	awake	False	True
370.9197521	0.00948790000001054	trials	electrical	biphasic	20	MOs	superficial	awake	True	True
375.04580110000006	0.00958889999992607	trials	electrical	biphasic	20	MOs	superficial	awake	False	True
379.3264401	0.009699899999986883	trials	electrical	biphasic	20	MOs	superficial	awake	False	True
382.9079891	0.009790899999984504	trials	electrical	biphasic	20	MOs	superficial	awake	False	True
387.3377981	0.00989190000001372	trials	electrical	biphasic	20	MOs	superficial	awake	False	True
391.6139371	0.009992899999986093	trials	electrical	biphasic	20	MOs	superficial	awake	False	True
395.60116610000006	0.010093899999958467	trials	electrical	biphasic	20	MOs	superficial	awake	False	True
399.5374451	0.010194899999987683	trials	electrical	biphasic	20	MOs	superficial	awake	False	True
403.484654	0.010296000000039385	trials	electrical	biphasic	20	MOs	superficial	awake	False	True
407.291413	0.010397000000011758	trials	electrical	biphasic	20	MOs	superficial	awake	False	True
411.300342	0.010497999999984131	trials	electrical	biphasic	20	MOs	superficial	awake	False	True
415.311541	0.010609000000044944	trials	electrical	biphasic	20	MOs	superficial	awake	False	True
419.62959000000006	0.010700000000042564	trials	electrical	biphasic	20	MOs	superficial	awake	False	True
501.60743	0.0007100000000832551	trials	electrical	biphasic	20	MOs	superficial	awake	False	True
505.270039	0.0008010000000240325	trials	electrical	biphasic	20	MOs	superficial	awake	False	True
509.56474800000007	0.0009019999999395623	trials	electrical	biphasic	20	MOs	superficial	awake	False	True
513.376387	0.0010029999999687789	trials	electrical	biphasic	20	MOs	superficial	awake	False	True
517.405356	0.0011039999998274652	trials	electrical	biphasic	20	MOs	superficial	awake	False	True
521.0714149	0.0012050999999928536	trials	electrical	biphasic	20	MOs	superficial	awake	False	True
525.1738138999998	0.0013161000001673528	trials	electrical	biphasic	20	MOs	superficial	awake	True	True
528.9372228999998	0.0014071000001649736	trials	electrical	biphasic	20	MOs	superficial	awake	False	True
533.0917319	0.00150810000002366	trials	electrical	biphasic	20	MOs	superficial	awake	False	True
537.2813709	0.0016090999999960331	trials	electrical	biphasic	20	MOs	superficial	awake	False	True
541.5299599	0.0017100999999684063	trials	electrical	biphasic	20	MOs	superficial	awake	False	True
545.4809188999999	0.0018211000001429056	trials	electrical	biphasic	20	MOs	superficial	awake	True	True
549.0651679	0.0019121000000268396	trials	electrical	biphasic	20	MOs	superficial	awake	False	True
552.7945669	0.0020130999999992127	trials	electrical	biphasic	20	MOs	superficial	awake	False	True
557.2083359000002	0.002114099999857899	trials	electrical	biphasic	20	MOs	superficial	awake	False	True
560.8611348	0.0022152000000232874	trials	electrical	biphasic	20	MOs	superficial	awake	False	True
565.1873837999998	0.0023162000002230343	trials	electrical	biphasic	20	MOs	superficial	awake	False	True
569.2261528	0.002417199999968034	trials	electrical	biphasic	20	MOs	superficial	awake	False	True
573.7227118	0.0025282000000288463	trials	electrical	biphasic	20	MOs	superficial	awake	False	True
577.3013208	0.002619200000026467	trials	electrical	biphasic	20	MOs	superficial	awake	False	True
581.2444198	0.002720200000226214	trials	electrical	biphasic	20	MOs	superficial	awake	False	True
584.8514988	0.0028312000000596527	trials	electrical	biphasic	20	MOs	superficial	awake	False	True
589.3138278	0.002932199999804652	trials	electrical	biphasic	20	MOs	superficial	awake	False	True
592.8188968	0.0030232000000296466	trials	electrical	biphasic	20	MOs	superficial	awake	False	True
597.0942357999999	0.0031342000003178327	trials	electrical	biphasic	20	MOs	superficial	awake	False	True
601.4119647000001	0.0032252999999400345	trials	electrical	biphasic	20	MOs	superficial	awake	True	True
605.7810937	0.0033263000001397813	trials	electrical	biphasic	20	MOs	superficial	awake	False	True
609.3659527000002	0.003427299999771094	trials	electrical	biphasic	20	MOs	superficial	awake	False	True
613.2661617000001	0.0035283000000845277	trials	electrical	biphasic	20	MOs	superficial	awake	True	True
617.0264607	0.0036293000001705877	trials	electrical	biphasic	20	MOs	superficial	awake	True	True
621.3269497	0.003730300000029274	trials	electrical	biphasic	20	MOs	superficial	awake	False	True
625.2587887	0.0038313000000016473	trials	electrical	biphasic	20	MOs	superficial	awake	False	True
629.6698577000002	0.003932299999860334	trials	electrical	biphasic	20	MOs	superficial	awake	False	True
633.3521167	0.004043299999807459	trials	electrical	biphasic	20	MOs	superficial	awake	True	True
637.1163457	0.00413429999980508	trials	electrical	biphasic	20	MOs	superficial	awake	False	True
640.7623046	0.004235400000197842	trials	electrical	biphasic	20	MOs	superficial	awake	True	True
644.3987836	0.004336400000283902	trials	electrical	biphasic	20	MOs	superficial	awake	False	True
648.7685126	0.0044374000000289016	trials	electrical	biphasic	20	MOs	superficial	awake	False	True
652.8486416000002	0.004538399999773901	trials	electrical	biphasic	20	MOs	superficial	awake	False	True
656.8989206	0.004639399999973648	trials	electrical	biphasic	20	MOs	superficial	awake	False	True
660.5443096	0.004740399999946021	trials	electrical	biphasic	20	MOs	superficial	awake	True	True
664.8977686000002	0.0048413999998047075	trials	electrical	biphasic	20	MOs	superficial	awake	True	True
669.0202576	0.004942400000004454	trials	electrical	biphasic	20	MOs	superficial	awake	False	True
672.8716366	0.005053400000065267	trials	electrical	biphasic	20	MOs	superficial	awake	False	True
676.8853256	0.0051444000000628876	trials	electrical	biphasic	20	MOs	superficial	awake	True	True
680.7875445000002	0.005255499999861968	trials	electrical	biphasic	20	MOs	superficial	awake	False	True
684.3639335	0.005346499999973275	trials	electrical	biphasic	20	MOs	superficial	awake	False	True
688.1042725	0.0054475000000593354	trials	electrical	biphasic	20	MOs	superficial	awake	True	True
691.7280115	0.005558500000006461	trials	electrical	biphasic	20	MOs	superficial	awake	False	True
695.4123405	0.005649500000004082	trials	electrical	biphasic	20	MOs	superficial	awake	False	True
699.1527195	0.005750499999976455	trials	electrical	biphasic	20	MOs	superficial	awake	False	True
703.0704085	0.0058514999997214545	trials	electrical	biphasic	20	MOs	superficial	awake	False	True
706.6204875	0.005952500000034888	trials	electrical	biphasic	20	MOs	superficial	awake	True	True
711.0236365000003	0.006053500000007261	trials	electrical	biphasic	20	MOs	superficial	awake	False	True
715.4688455	0.006154499999979635	trials	electrical	biphasic	20	MOs	superficial	awake	False	True
719.4601244	0.006255599999917649	trials	electrical	biphasic	20	MOs	superficial	awake	True	True
723.4498133999997	0.00635660000034477	trials	electrical	biphasic	20	MOs	superficial	awake	True	True
727.2879524	0.0064575999999760825	trials	electrical	biphasic	20	MOs	superficial	awake	True	True
731.6884414	0.0065586000000621425	trials	electrical	biphasic	20	MOs	superficial	awake	False	True
735.5581004	0.006669600000350329	trials	electrical	biphasic	20	MOs	superficial	awake	False	True
739.1697293999997	0.006760600000575323	trials	electrical	biphasic	20	MOs	superficial	awake	False	True
743.4504084	0.0068715999999540145	trials	electrical	biphasic	20	MOs	superficial	awake	True	True
747.3405774	0.006962599999951635	trials	electrical	biphasic	20	MOs	superficial	awake	True	True
751.0826963999997	0.007063600000265069	trials	electrical	biphasic	20	MOs	superficial	awake	False	True
754.9870453999997	0.007164600000237442	trials	electrical	biphasic	20	MOs	superficial	awake	False	True
758.5839243	0.007265699999948083	trials	electrical	biphasic	20	MOs	superficial	awake	False	True
762.2163232999999	0.00736670000014783	trials	electrical	biphasic	20	MOs	superficial	awake	False	True
766.6588123	0.007467700000006516	trials	electrical	biphasic	20	MOs	superficial	awake	False	True
771.1153813	0.0075686999999788895	trials	electrical	biphasic	20	MOs	superficial	awake	True	True
775.1910002999997	0.007679700000267076	trials	electrical	biphasic	20	MOs	superficial	awake	True	True
778.7512092999997	0.007770700000264696	trials	electrical	biphasic	20	MOs	superficial	awake	False	True
782.4864083	0.007871700000009696	trials	electrical	biphasic	20	MOs	superficial	awake	True	True
786.3399972999997	0.00797270000032313	trials	electrical	biphasic	20	MOs	superficial	awake	False	True
790.6616163	0.008083700000042882	trials	electrical	biphasic	20	MOs	superficial	awake	False	True
794.1774353	0.008184700000015255	trials	electrical	biphasic	20	MOs	superficial	awake	False	True
797.7208842	0.008275799999978517	trials	electrical	biphasic	20	MOs	superficial	awake	False	True
801.3903032000003	0.008376799999723517	trials	electrical	biphasic	20	MOs	superficial	awake	False	True
805.5398522	0.008477799999923263	trials	electrical	biphasic	20	MOs	superficial	awake	False	True
809.7719912	0.008588799999984076	trials	electrical	biphasic	20	MOs	superficial	awake	True	True
813.9201602	0.008679799999981697	trials	electrical	biphasic	20	MOs	superficial	awake	True	True
817.8714992	0.008790800000269883	trials	electrical	biphasic	20	MOs	superficial	awake	False	True
821.9189282000001	0.008881799999585382	trials	electrical	biphasic	20	MOs	superficial	awake	False	True
825.7156672	0.008992799999987255	trials	electrical	biphasic	20	MOs	superficial	awake	False	True
829.9607962	0.009083799999984876	trials	electrical	biphasic	20	MOs	superficial	awake	False	True
833.6501752	0.009194799999932002	trials	electrical	biphasic	20	MOs	superficial	awake	False	True
837.8373841	0.009285900000008951	trials	electrical	biphasic	20	MOs	superficial	awake	True	True
841.5213231	0.009396899999956076	trials	electrical	biphasic	20	MOs	superficial	awake	False	True
845.3902321	0.00948789999984001	trials	electrical	biphasic	20	MOs	superficial	awake	True	True
849.5162811	0.009588899999698697	trials	electrical	biphasic	20	MOs	superficial	awake	False	True
853.7969201	0.009699899999986883	trials	electrical	biphasic	20	MOs	superficial	awake	False	True
857.3784691	0.009790899999984504	trials	electrical	biphasic	20	MOs	superficial	awake	False	True
861.8082681	0.00990189999993163	trials	electrical	biphasic	20	MOs	superficial	awake	False	True
866.0844171	0.009992899999701876	trials	electrical	biphasic	20	MOs	superficial	awake	True	True
870.0716461000003	0.01009390000001531	trials	electrical	biphasic	20	MOs	superficial	awake	False	True
874.0079251	0.010194899999987683	trials	electrical	biphasic	20	MOs	superficial	awake	False	True
877.9551339999997	0.010296000000607819	trials	electrical	biphasic	20	MOs	superficial	awake	True	True
881.761893	0.010397000000011758	trials	electrical	biphasic	20	MOs	superficial	awake	False	True
885.7708119999999	0.010507999999845197	trials	electrical	biphasic	20	MOs	superficial	awake	False	True
889.7820210000001	0.010598999999615444	trials	electrical	biphasic	20	MOs	superficial	awake	True	True
894.10007	0.010699999999928878	trials	electrical	biphasic	20	MOs	superficial	awake	False	True
962.1357474094837	108.63000000000011	epochs								
1070.7757474094838	1391.04	epochs								
1259.83245	0.0006999999998242856	trials	electrical	biphasic	20	MOs	superficial	isoflurane	False	True
1263.495049	0.0008109999998850981	trials	electrical	biphasic	20	MOs	superficial	isoflurane	False	True
1267.789758	0.0009019999999964057	trials	electrical	biphasic	20	MOs	superficial	isoflurane	False	True
1271.601397	0.0010130000000572181	trials	electrical	biphasic	20	MOs	superficial	isoflurane	False	True
1275.630366	0.001103999999941152	trials	electrical	biphasic	20	MOs	superficial	isoflurane	False	True
1279.296425	0.001205000000027212	trials	electrical	biphasic	20	MOs	superficial	isoflurane	False	True
1283.398834	0.0013059999998858984	trials	electrical	biphasic	20	MOs	superficial	isoflurane	False	True
1287.162233	0.0014069999999719585	trials	electrical	biphasic	20	MOs	superficial	isoflurane	False	True
1291.316742	0.0015080000000580185	trials	electrical	biphasic	20	MOs	superficial	isoflurane	False	True
1295.506381	0.001619000000118831	trials	electrical	biphasic	20	MOs	superficial	isoflurane	False	True
1299.75497	0.0017100000004575122	trials	electrical	biphasic	20	MOs	superficial	isoflurane	False	True
1303.7059390000004	0.0018109999996340775	trials	electrical	biphasic	20	MOs	superficial	isoflurane	False	True
1307.290178	0.0019119999999475112	trials	electrical	biphasic	20	MOs	superficial	isoflurane	False	True
1311.019577	0.0020130000000335713	trials	electrical	biphasic	20	MOs	superficial	isoflurane	False	True
1315.433346	0.0021139999998922576	trials	electrical	biphasic	20	MOs	superficial	isoflurane	False	True
1319.086145	0.0022149999999783176	trials	electrical	biphasic	20	MOs	superficial	isoflurane	False	True
1323.412394	0.0023160000000643777	trials	electrical	biphasic	20	MOs	superficial	isoflurane	False	True
1327.451153	0.00242700000012519	trials	electrical	biphasic	20	MOs	superficial	isoflurane	False	True
1331.947722	0.0025179999997817504	trials	electrical	biphasic	20	MOs	superficial	isoflurane	False	True
1335.526321	0.002628999999842563	trials	electrical	biphasic	20	MOs	superficial	isoflurane	False	True
1339.46943	0.0027199999999538704	trials	electrical	biphasic	20	MOs	superficial	isoflurane	False	True
1343.076509	0.0028210000000399305	trials	electrical	biphasic	20	MOs	superficial	isoflurane	False	True
1347.5388380000004	0.002921999999671243	trials	electrical	biphasic	20	MOs	superficial	isoflurane	False	True
1351.043897	0.003022999999984677	trials	electrical	biphasic	20	MOs	superficial	isoflurane	False	True
1355.319246	0.003124000000070737	trials	electrical	biphasic	20	MOs	superficial	isoflurane	False	True
1359.636975	0.003225000000156797	trials	electrical	biphasic	20	MOs	superficial	isoflurane	False	True
1364.0060939999996	0.003336000000444983	trials	electrical	biphasic	20	MOs	superficial	isoflurane	False	True
1367.590963	0.0034269999998741696	trials	electrical	biphasic	20	MOs	superficial	isoflurane	False	True
1371.491162	0.0035279999999602296	trials	electrical	biphasic	20	MOs	superficial	isoflurane	False	True
1375.2514609999994	0.003639000000703163	trials	electrical	biphasic	20	MOs	superficial	isoflurane	False	True
1379.55195	0.003730000000587097	trials	electrical	biphasic	20	MOs	superficial	isoflurane	False	True
1383.483789	0.003841000000193162	trials	electrical	biphasic	20	MOs	superficial	isoflurane	False	True
1387.894858	0.003931999999849722	trials	electrical	biphasic	20	MOs	superficial	isoflurane	False	True
1391.577127	0.004032999999935782	trials	electrical	biphasic	20	MOs	superficial	isoflurane	False	True
1395.3413460000006	0.004134000000021842	trials	electrical	biphasic	20	MOs	superficial	isoflurane	False	True
1398.987305	0.004234999999880529	trials	electrical	biphasic	20	MOs	superficial	isoflurane	False	True
1402.623784	0.004346000000168715	trials	electrical	biphasic	20	MOs	superficial	isoflurane	False	True
1406.993513	0.004437000000052649	trials	electrical	biphasic	20	MOs	superficial	isoflurane	False	True
1411.073642	0.004537999999911335	trials	electrical	biphasic	20	MOs	superficial	isoflurane	False	True
1415.123921	0.004638999999997395	trials	electrical	biphasic	20	MOs	superficial	isoflurane	False	True
1418.76931	0.004740000000083455	trials	electrical	biphasic	20	MOs	superficial	isoflurane	False	True
1423.1227689999994	0.004841000000624263	trials	electrical	biphasic	20	MOs	superficial	isoflurane	False	True
1427.245258	0.004942000000028202	trials	electrical	biphasic	20	MOs	superficial	isoflurane	False	True
1431.096637	0.005042999999886888	trials	electrical	biphasic	20	MOs	superficial	isoflurane	False	True
1435.110326	0.005143999999972948	trials	electrical	biphasic	20	MOs	superficial	isoflurane	False	True
1439.0125449999994	0.005245000000741129	trials	electrical	biphasic	20	MOs	superficial	isoflurane	False	True
1442.588924	0.0053560000001198205	trials	electrical	biphasic	20	MOs	superficial	isoflurane	False	True
1446.329273	0.005446999999321633	trials	electrical	biphasic	20	MOs	superficial	isoflurane	False	True
1449.953012	0.005548000000089814	trials	electrical	biphasic	20	MOs	superficial	isoflurane	False	True
1453.637331	0.005659000000150627	trials	electrical	biphasic	20	MOs	superficial	isoflurane	False	True
1457.3777189999994	0.00575100000060047	trials	electrical	biphasic	20	MOs	superficial	isoflurane	False	True
1461.295398	0.005852000000004409	trials	electrical	biphasic	20	MOs	superficial	isoflurane	False	True
1464.8454769999994	0.005963000000519969	trials	electrical	biphasic	20	MOs	superficial	isoflurane	False	True
1469.248626	0.006053999999949156	trials	electrical	biphasic	20	MOs	superficial	isoflurane	False	True
1473.693835	0.006155000000035216	trials	electrical	biphasic	20	MOs	superficial	isoflurane	False	True
1477.685114	0.006255999999893902	trials	electrical	biphasic	20	MOs	superficial	isoflurane	False	True
1481.674803	0.006356999999979962	trials	electrical	biphasic	20	MOs	superficial	isoflurane	False	True
1485.512942	0.006457999999838648	trials	electrical	biphasic	20	MOs	superficial	isoflurane	False	True
1489.913431	0.006559000000152082	trials	electrical	biphasic	20	MOs	superficial	isoflurane	False	True
1493.78309	0.006669999999985521	trials	electrical	biphasic	20	MOs	superficial	isoflurane	False	True
1497.394719	0.0067610000000968284	trials	electrical	biphasic	20	MOs	superficial	isoflurane	False	True
1501.675398	0.006871999999930267	trials	electrical	biphasic	20	MOs	superficial	isoflurane	False	True
1505.565567	0.006962999999814201	trials	electrical	biphasic	20	MOs	superficial	isoflurane	False	True
1509.307686	0.007063999999900261	trials	electrical	biphasic	20	MOs	superficial	isoflurane	False	True
1513.212035	0.007164999999986321	trials	electrical	biphasic	20	MOs	superficial	isoflurane	False	True
1516.808914	0.007266000000072381	trials	electrical	biphasic	20	MOs	superficial	isoflurane	False	True
1520.441313	0.007366999999931068	trials	electrical	biphasic	20	MOs	superficial	isoflurane	False	True
1524.883802	0.007467999999335007	trials	electrical	biphasic	20	MOs	superficial	isoflurane	False	True
1529.340371	0.007569000000103188	trials	electrical	biphasic	20	MOs	superficial	isoflurane	False	True
1533.41599	0.007669999999961874	trials	electrical	biphasic	20	MOs	superficial	isoflurane	False	True
1536.976189	0.0077810000000226864	trials	electrical	biphasic	20	MOs	superficial	isoflurane	False	True
1540.711398	0.007871999999451873	trials	electrical	biphasic	20	MOs	superficial	isoflurane	False	True
1544.564977	0.00797299999999268	trials	electrical	biphasic	20	MOs	superficial	isoflurane	False	True
1548.886606	0.00807400000007874	trials	electrical	biphasic	20	MOs	superficial	isoflurane	False	True
1552.402425	0.008174999999937427	trials	electrical	biphasic	20	MOs	superficial	isoflurane	False	True
1555.945864	0.00828599999999824	trials	electrical	biphasic	20	MOs	superficial	isoflurane	False	True
1559.615293	0.008376999999882173	trials	electrical	biphasic	20	MOs	superficial	isoflurane	False	True
1563.764832	0.008477999999968233	trials	electrical	biphasic	20	MOs	superficial	isoflurane	False	True
1567.996981	0.008579000000054293	trials	electrical	biphasic	20	MOs	superficial	isoflurane	False	True
1572.14514	0.008689999999887732	trials	electrical	biphasic	20	MOs	superficial	isoflurane	False	True
1576.096489	0.00878099999999904	trials	electrical	biphasic	20	MOs	superficial	isoflurane	False	True
1580.143908	0.0088820000000851	trials	electrical	biphasic	20	MOs	superficial	isoflurane	False	True
1583.940657	0.008982999999943786	trials	electrical	biphasic	20	MOs	superficial	isoflurane	False	True
1588.185776	0.009094000000004598	trials	electrical	biphasic	20	MOs	superficial	isoflurane	False	True
1591.875165	0.009185000000115906	trials	electrical	biphasic	20	MOs	superficial	isoflurane	False	True
1596.062364	0.009286000000201966	trials	electrical	biphasic	20	MOs	superficial	isoflurane	False	True
1599.746313	0.009386999999833279	trials	electrical	biphasic	20	MOs	superficial	isoflurane	False	True
1603.615212	0.009488000000146712	trials	electrical	biphasic	20	MOs	superficial	isoflurane	False	True
1607.741261	0.009589000000005399	trials	electrical	biphasic	20	MOs	superficial	isoflurane	False	True
1612.0219	0.009690000000091459	trials	electrical	biphasic	20	MOs	superficial	isoflurane	False	True
1615.603439	0.009800999999924898	trials	electrical	biphasic	20	MOs	superficial	isoflurane	False	True
1620.033248	0.009902000000010958	trials	electrical	biphasic	20	MOs	superficial	isoflurane	False	True
1624.309397	0.009993000000122265	trials	electrical	biphasic	20	MOs	superficial	isoflurane	False	True
1628.296616	0.010103999999273583	trials	electrical	biphasic	20	MOs	superficial	isoflurane	False	True
1632.232905	0.010194999999839638	trials	electrical	biphasic	20	MOs	superficial	isoflurane	False	True
1636.1801039999998	0.010296000000153072	trials	electrical	biphasic	20	MOs	superficial	isoflurane	False	True
1639.986873	0.010396999999329637	trials	electrical	biphasic	20	MOs	superficial	isoflurane	False	True
1643.995792	0.010498000000097818	trials	electrical	biphasic	20	MOs	superficial	isoflurane	False	True
1648.007001	0.010598999999956504	trials	electrical	biphasic	20	MOs	superficial	isoflurane	False	True
1652.32504	0.010710000000017317	trials	electrical	biphasic	20	MOs	superficial	isoflurane	False	True
1705.3460699999994	0.0007100000007085328	trials	electrical	biphasic	20	MOs	superficial	isoflurane	False	True
1709.0086789999998	0.0008010000008198404	trials	electrical	biphasic	20	MOs	superficial	isoflurane	False	True
1713.303378	0.0009019999999964057	trials	electrical	biphasic	20	MOs	superficial	isoflurane	False	True
1717.115027	0.001002999999855092	trials	electrical	biphasic	20	MOs	superficial	isoflurane	False	True
1721.143986	0.0011139999999159045	trials	electrical	biphasic	20	MOs	superficial	isoflurane	False	True
1724.810055	0.001205000000709333	trials	electrical	biphasic	20	MOs	superficial	isoflurane	False	True
1728.9124539999998	0.001306000000113272	trials	electrical	biphasic	20	MOs	superficial	isoflurane	False	True
1732.6758530000006	0.0014169999992645899	trials	electrical	biphasic	20	MOs	superficial	isoflurane	False	True
1736.8303620000006	0.0015079999993758975	trials	electrical	biphasic	20	MOs	superficial	isoflurane	False	True
1741.0200109999994	0.0016090000005988259	trials	electrical	biphasic	20	MOs	superficial	isoflurane	False	True
1745.26859	0.001720000000204891	trials	electrical	biphasic	20	MOs	superficial	isoflurane	False	True
1749.219559	0.0018110000000888249	trials	electrical	biphasic	20	MOs	superficial	isoflurane	False	True
1752.803798	0.001912000000174885	trials	electrical	biphasic	20	MOs	superficial	isoflurane	False	True
1756.533197	0.002013000000260945	trials	electrical	biphasic	20	MOs	superficial	isoflurane	False	True
1760.946966	0.0021140000001196313	trials	electrical	biphasic	20	MOs	superficial	isoflurane	False	True
1764.599765	0.0022149999999783176	trials	electrical	biphasic	20	MOs	superficial	isoflurane	False	True
1768.926014	0.0023160000007464987	trials	electrical	biphasic	20	MOs	superficial	isoflurane	False	True
1772.964783	0.0024170000001504377	trials	electrical	biphasic	20	MOs	superficial	isoflurane	False	True
1777.4613420000005	0.002527999998847008	trials	electrical	biphasic	20	MOs	superficial	isoflurane	False	True
1781.0399510000002	0.0026189999991856894	trials	electrical	biphasic	20	MOs	superficial	isoflurane	False	True
1784.98305	0.0027199999999538704	trials	electrical	biphasic	20	MOs	superficial	isoflurane	False	True
1788.590129	0.002831000000696804	trials	electrical	biphasic	20	MOs	superficial	isoflurane	False	True
1793.052458	0.0029220000001259905	trials	electrical	biphasic	20	MOs	superficial	isoflurane	False	True
1796.5575170000006	0.003022999999302556	trials	electrical	biphasic	20	MOs	superficial	isoflurane	False	True
1800.832866	0.003123999999388616	trials	electrical	biphasic	20	MOs	superficial	isoflurane	False	True
1805.150595	0.003224999999929423	trials	electrical	biphasic	20	MOs	superficial	isoflurane	False	True
1809.519714	0.0033359999999902357	trials	electrical	biphasic	20	MOs	superficial	isoflurane	False	True
1813.104583	0.0034269999998741696	trials	electrical	biphasic	20	MOs	superficial	isoflurane	False	True
1817.004782	0.0035279999999602296	trials	electrical	biphasic	20	MOs	superficial	isoflurane	False	True
1820.765081	0.003639000000021042	trials	electrical	biphasic	20	MOs	superficial	isoflurane	False	True
1825.06557	0.0037300000001323497	trials	electrical	biphasic	20	MOs	superficial	isoflurane	False	True
1828.997419	0.003830999999991036	trials	electrical	biphasic	20	MOs	superficial	isoflurane	False	True
1833.408478	0.003931999999849722	trials	electrical	biphasic	20	MOs	superficial	isoflurane	False	True
1837.090747	0.004032999999935782	trials	electrical	biphasic	20	MOs	superficial	isoflurane	False	True
1840.854966	0.004133999999794469	trials	electrical	biphasic	20	MOs	superficial	isoflurane	False	True
1844.500925	0.004234999999880529	trials	electrical	biphasic	20	MOs	superficial	isoflurane	False	True
1848.137404	0.004345999999941341	trials	electrical	biphasic	20	MOs	superficial	isoflurane	False	True
1852.507133	0.004436999999825275	trials	electrical	biphasic	20	MOs	superficial	isoflurane	False	True
1856.587262	0.004537999999911335	trials	electrical	biphasic	20	MOs	superficial	isoflurane	False	True
1860.637541	0.004638999999997395	trials	electrical	biphasic	20	MOs	superficial	isoflurane	False	True
1864.28293	0.0047399999998560816	trials	electrical	biphasic	20	MOs	superficial	isoflurane	False	True
1868.636389	0.004850999999916894	trials	electrical	biphasic	20	MOs	superficial	isoflurane	False	True
1872.758878	0.004941999999800828	trials	electrical	biphasic	20	MOs	superficial	isoflurane	False	True
1876.610257	0.005042999999886888	trials	electrical	biphasic	20	MOs	superficial	isoflurane	False	True
1880.623946	0.005143999999972948	trials	electrical	biphasic	20	MOs	superficial	isoflurane	False	True
1884.526165	0.005245000000059008	trials	electrical	biphasic	20	MOs	superficial	isoflurane	False	True
1888.102544	0.005355999999892447	trials	electrical	biphasic	20	MOs	superficial	isoflurane	False	True
1891.842893	0.005447000000003754	trials	electrical	biphasic	20	MOs	superficial	isoflurane	False	True
1895.466632	0.005548000000089814	trials	electrical	biphasic	20	MOs	superficial	isoflurane	False	True
1899.150951	0.005658999999923253	trials	electrical	biphasic	20	MOs	superficial	isoflurane	False	True
1902.891339	0.005750999999918349	trials	electrical	biphasic	20	MOs	superficial	isoflurane	False	True
1906.809018	0.005852000000004409	trials	electrical	biphasic	20	MOs	superficial	isoflurane	False	True
1910.359097	0.005953000000090469	trials	electrical	biphasic	20	MOs	superficial	isoflurane	False	True
1914.762246	0.006053999999949156	trials	electrical	biphasic	20	MOs	superficial	isoflurane	False	True
1919.207455	0.006155000000035216	trials	electrical	biphasic	20	MOs	superficial	isoflurane	False	True
1923.198734	0.006255999999893902	trials	electrical	biphasic	20	MOs	superficial	isoflurane	False	True
1927.188423	0.006356999999979962	trials	electrical	biphasic	20	MOs	superficial	isoflurane	False	True
1931.026562	0.006458000000066022	trials	electrical	biphasic	20	MOs	superficial	isoflurane	False	True
1935.427051	0.006559000000152082	trials	electrical	biphasic	20	MOs	superficial	isoflurane	False	True
1939.29671	0.006660000000010768	trials	electrical	biphasic	20	MOs	superficial	isoflurane	False	True
1942.908339	0.006760999999869455	trials	electrical	biphasic	20	MOs	superficial	isoflurane	False	True
1947.189018	0.006861999999955515	trials	electrical	biphasic	20	MOs	superficial	isoflurane	False	True
1951.079187	0.006963000000041575	trials	electrical	biphasic	20	MOs	superficial	isoflurane	False	True
1954.821306	0.007063999999900261	trials	electrical	biphasic	20	MOs	superficial	isoflurane	False	True
1958.725645	0.007164999999986321	trials	electrical	biphasic	20	MOs	superficial	isoflurane	False	True
1962.322534	0.007266000000072381	trials	electrical	biphasic	20	MOs	superficial	isoflurane	False	True
1965.954933	0.007366999999931068	trials	electrical	biphasic	20	MOs	superficial	isoflurane	False	True
1970.397422	0.007468000000017128	trials	electrical	biphasic	20	MOs	superficial	isoflurane	False	True
1974.853981	0.00757900000007794	trials	electrical	biphasic	20	MOs	superficial	isoflurane	False	True
1978.92961	0.007670000000189248	trials	electrical	biphasic	20	MOs	superficial	isoflurane	False	True
1982.489809	0.007771000000047934	trials	electrical	biphasic	20	MOs	superficial	isoflurane	False	True
1986.225018	0.00787199999990662	trials	electrical	biphasic	20	MOs	superficial	isoflurane	False	True
1990.078597	0.00797299999999268	trials	electrical	biphasic	20	MOs	superficial	isoflurane	False	True
1994.400226	0.00807400000007874	trials	electrical	biphasic	20	MOs	superficial	isoflurane	False	True
1997.916045	0.0081750000001648	trials	electrical	biphasic	20	MOs	superficial	isoflurane	False	True
2001.459484	0.008276000000023487	trials	electrical	biphasic	20	MOs	superficial	isoflurane	False	True
2005.128903	0.008376999999882173	trials	electrical	biphasic	20	MOs	superficial	isoflurane	False	True
2009.278452	0.008477999999968233	trials	electrical	biphasic	20	MOs	superficial	isoflurane	False	True
2013.510601	0.008579000000054293	trials	electrical	biphasic	20	MOs	superficial	isoflurane	False	True
2017.6587600000007	0.008679999999230859	trials	electrical	biphasic	20	MOs	superficial	isoflurane	False	True
2021.610109	0.00878099999999904	trials	electrical	biphasic	20	MOs	superficial	isoflurane	False	True
2025.657528	0.0088820000000851	trials	electrical	biphasic	20	MOs	superficial	isoflurane	False	True
2029.454267	0.008992999999918538	trials	electrical	biphasic	20	MOs	superficial	isoflurane	False	True
2033.699396	0.009084000000029846	trials	electrical	biphasic	20	MOs	superficial	isoflurane	False	True
2037.388775	0.009195000000090658	trials	electrical	biphasic	20	MOs	superficial	isoflurane	False	True
2041.575984	0.009285999999974592	trials	electrical	biphasic	20	MOs	superficial	isoflurane	False	True
2045.259923	0.009397000000035405	trials	electrical	biphasic	20	MOs	superficial	isoflurane	False	True
2049.128832	0.009488000000146712	trials	electrical	biphasic	20	MOs	superficial	isoflurane	False	True
2053.254871	0.009598999999980151	trials	electrical	biphasic	20	MOs	superficial	isoflurane	False	True
2057.53552	0.009690000000318832	trials	electrical	biphasic	20	MOs	superficial	isoflurane	False	True
2061.117059	0.009790999999950145	trials	electrical	biphasic	20	MOs	superficial	isoflurane	False	True
2065.546868	0.009892000000036205	trials	electrical	biphasic	20	MOs	superficial	isoflurane	False	True
2069.823017	0.009993000000577013	trials	electrical	biphasic	20	MOs	superficial	isoflurane	False	True
2073.810236	0.010094000000208325	trials	electrical	biphasic	20	MOs	superficial	isoflurane	False	True
2077.746525	0.010194999999839638	trials	electrical	biphasic	20	MOs	superficial	isoflurane	False	True
2081.693724	0.010295999999925698	trials	electrical	biphasic	20	MOs	superficial	isoflurane	False	True
2085.500483	0.010407000000213884	trials	electrical	biphasic	20	MOs	superficial	isoflurane	False	True
2089.509412	0.010498000000097818	trials	electrical	biphasic	20	MOs	superficial	isoflurane	False	True
2093.520611	0.010608999999931257	trials	electrical	biphasic	20	MOs	superficial	isoflurane	False	True
2097.838660000001	0.010699999999360443	trials	electrical	biphasic	20	MOs	superficial	isoflurane	False	True
2149.21934	0.0007000000000516593	trials	electrical	biphasic	20	MOs	superficial	isoflurane	False	True
2152.881949	0.0008010000001377193	trials	electrical	biphasic	20	MOs	superficial	isoflurane	False	True
2157.176648	0.000901999999769032	trials	electrical	biphasic	20	MOs	superficial	isoflurane	False	True
2160.988297	0.0010030000003098394	trials	electrical	biphasic	20	MOs	superficial	isoflurane	False	True
2165.017256	0.001103999999941152	trials	electrical	biphasic	20	MOs	superficial	isoflurane	False	True
2168.683315	0.0012149999997745908	trials	electrical	biphasic	20	MOs	superficial	isoflurane	False	True
2172.785724	0.001306000000113272	trials	electrical	biphasic	20	MOs	superficial	isoflurane	False	True
2176.549123	0.0014070000001993321	trials	electrical	biphasic	20	MOs	superficial	isoflurane	False	True
2180.703632	0.0015079999998306448	trials	electrical	biphasic	20	MOs	superficial	isoflurane	False	True
2184.893271	0.001619000000118831	trials	electrical	biphasic	20	MOs	superficial	isoflurane	False	True
2189.14186	0.0017100000000027649	trials	electrical	biphasic	20	MOs	superficial	isoflurane	False	True
2193.092829	0.0018109999996340775	trials	electrical	biphasic	20	MOs	superficial	isoflurane	False	True
2196.677068	0.001912000000174885	trials	electrical	biphasic	20	MOs	superficial	isoflurane	False	True
2200.406467	0.002013000000260945	trials	electrical	biphasic	20	MOs	superficial	isoflurane	False	True
2204.820236	0.0021139999998922576	trials	electrical	biphasic	20	MOs	superficial	isoflurane	False	True
2208.473035	0.0022149999999783176	trials	electrical	biphasic	20	MOs	superficial	isoflurane	False	True
2212.799284	0.0023159999996096303	trials	electrical	biphasic	20	MOs	superficial	isoflurane	False	True
2216.838043	0.0024269999998978165	trials	electrical	biphasic	20	MOs	superficial	isoflurane	False	True
2221.334612	0.0025179999997817504	trials	electrical	biphasic	20	MOs	superficial	isoflurane	False	True
2224.913211	0.0026189999998678104	trials	electrical	biphasic	20	MOs	superficial	isoflurane	False	True
2228.85632	0.0027199999999538704	trials	electrical	biphasic	20	MOs	superficial	isoflurane	False	True
2232.463399	0.002820999999585183	trials	electrical	biphasic	20	MOs	superficial	isoflurane	False	True
2236.925728	0.002921999999671243	trials	electrical	biphasic	20	MOs	superficial	isoflurane	False	True
2240.430787	0.0030230000002120505	trials	electrical	biphasic	20	MOs	superficial	isoflurane	False	True
2244.706136	0.0031240000002981105	trials	electrical	biphasic	20	MOs	superficial	isoflurane	False	True
2249.023855	0.0032350000001315493	trials	electrical	biphasic	20	MOs	superficial	isoflurane	False	True
2253.392984	0.0033260000000154832	trials	electrical	biphasic	20	MOs	superficial	isoflurane	False	True
2256.977843	0.003436999999848922	trials	electrical	biphasic	20	MOs	superficial	isoflurane	False	True
2260.878052	0.0035280000001876033	trials	electrical	biphasic	20	MOs	superficial	isoflurane	False	True
2264.638351	0.003628999999818916	trials	electrical	biphasic	20	MOs	superficial	isoflurane	False	True
2268.93884	0.0037300000003597233	trials	electrical	biphasic	20	MOs	superficial	isoflurane	False	True
2272.870679	0.003830999999991036	trials	electrical	biphasic	20	MOs	superficial	isoflurane	False	True
2277.281748	0.003932000000077096	trials	electrical	biphasic	20	MOs	superficial	isoflurane	False	True
2280.964007	0.004033000000163156	trials	electrical	biphasic	20	MOs	superficial	isoflurane	False	True
2284.728236	0.004134000000249216	trials	electrical	biphasic	20	MOs	superficial	isoflurane	False	True
2288.374195	0.004235000000335276	trials	electrical	biphasic	20	MOs	superficial	isoflurane	False	True
2292.010674	0.004335999999966589	trials	electrical	biphasic	20	MOs	superficial	isoflurane	False	True
2296.380403	0.004437000000052649	trials	electrical	biphasic	20	MOs	superficial	isoflurane	False	True
2300.460522	0.004548000000340835	trials	electrical	biphasic	20	MOs	superficial	isoflurane	False	True
2304.510811	0.0046389999997700215	trials	electrical	biphasic	20	MOs	superficial	isoflurane	False	True
2308.15619	0.0047399999998560816	trials	electrical	biphasic	20	MOs	superficial	isoflurane	False	True
2312.509659	0.004841000000396889	trials	electrical	biphasic	20	MOs	superficial	isoflurane	False	True
2316.632148	0.004942000000028202	trials	electrical	biphasic	20	MOs	superficial	isoflurane	False	True
2320.483527	0.005043000000114262	trials	electrical	biphasic	20	MOs	superficial	isoflurane	False	True
2324.497206	0.0051539999999477	trials	electrical	biphasic	20	MOs	superficial	isoflurane	False	True
2328.3994350000007	0.005244999999376887	trials	electrical	biphasic	20	MOs	superficial	isoflurane	False	True
2331.975814	0.005346000000827189	trials	electrical	biphasic	20	MOs	superficial	isoflurane	False	True
2335.7161530000008	0.005456999999296386	trials	electrical	biphasic	20	MOs	superficial	isoflurane	False	True
2339.339902	0.005547999999635067	trials	electrical	biphasic	20	MOs	superficial	isoflurane	False	True
2343.024221	0.005648999999721127	trials	electrical	biphasic	20	MOs	superficial	isoflurane	False	True
2346.764599	0.0057509999996909755	trials	electrical	biphasic	20	MOs	superficial	isoflurane	False	True
2350.682288	0.005852000000231783	trials	electrical	biphasic	20	MOs	superficial	isoflurane	False	True
2354.232367	0.005952999999863096	trials	electrical	biphasic	20	MOs	superficial	isoflurane	False	True
2358.635516	0.006053999999949156	trials	electrical	biphasic	20	MOs	superficial	isoflurane	False	True
2363.080715	0.006165000000692089	trials	electrical	biphasic	20	MOs	superficial	isoflurane	False	True
2367.072004	0.006255999999666528	trials	electrical	biphasic	20	MOs	superficial	isoflurane	False	True
2371.061683	0.0063669999999547144	trials	electrical	biphasic	20	MOs	superficial	isoflurane	False	True
2374.899832	0.006457999999838648	trials	electrical	biphasic	20	MOs	superficial	isoflurane	False	True
2379.300321	0.006558999999924708	trials	electrical	biphasic	20	MOs	superficial	isoflurane	False	True
2383.16998	0.006660000000010768	trials	electrical	biphasic	20	MOs	superficial	isoflurane	False	True
2386.781599	0.0067610000000968284	trials	electrical	biphasic	20	MOs	superficial	isoflurane	False	True
2391.062288	0.006861999999728141	trials	electrical	biphasic	20	MOs	superficial	isoflurane	False	True
2394.952447	0.006962999999814201	trials	electrical	biphasic	20	MOs	superficial	isoflurane	False	True
2398.694576000001	0.007063999999445514	trials	electrical	biphasic	20	MOs	superficial	isoflurane	False	True
2402.598915	0.007164999999986321	trials	electrical	biphasic	20	MOs	superficial	isoflurane	False	True
2406.195794	0.007266000000527129	trials	electrical	biphasic	20	MOs	superficial	isoflurane	False	True
2409.828203	0.007367000000158441	trials	electrical	biphasic	20	MOs	superficial	isoflurane	False	True
2414.270682	0.007478000000901375	trials	electrical	biphasic	20	MOs	superficial	isoflurane	False	True
2418.7272510000007	0.007568999999421067	trials	electrical	biphasic	20	MOs	superficial	isoflurane	False	True
2422.80288	0.007669999999961874	trials	electrical	biphasic	20	MOs	superficial	isoflurane	False	True
2426.363079	0.007770999999593187	trials	electrical	biphasic	20	MOs	superficial	isoflurane	False	True
2430.098278	0.007872000000133994	trials	electrical	biphasic	20	MOs	superficial	isoflurane	False	True
2433.951867	0.007972999999765307	trials	electrical	biphasic	20	MOs	superficial	isoflurane	False	True
2438.273486	0.008074000000760861	trials	electrical	biphasic	20	MOs	superficial	isoflurane	False	True
2441.789305	0.008185000000139553	trials	electrical	biphasic	20	MOs	superficial	isoflurane	False	True
2445.332754	0.008276000000023487	trials	electrical	biphasic	20	MOs	superficial	isoflurane	False	True
2449.002173	0.008377000000109547	trials	electrical	biphasic	20	MOs	superficial	isoflurane	False	True
2453.151722	0.00847799999974086	trials	electrical	biphasic	20	MOs	superficial	isoflurane	False	True
2457.383861	0.008579000000281667	trials	electrical	biphasic	20	MOs	superficial	isoflurane	False	True
2461.53203	0.008680000000367727	trials	electrical	biphasic	20	MOs	superficial	isoflurane	False	True
2465.483369	0.008790999999746418	trials	electrical	biphasic	20	MOs	superficial	isoflurane	False	True
2469.530798	0.0088820000000851	trials	electrical	biphasic	20	MOs	superficial	isoflurane	False	True
2473.327537	0.008982999999716412	trials	electrical	biphasic	20	MOs	superficial	isoflurane	False	True
2477.572666	0.009083999999802472	trials	electrical	biphasic	20	MOs	superficial	isoflurane	False	True
2481.262045	0.009185000000798027	trials	electrical	biphasic	20	MOs	superficial	isoflurane	False	True
2485.449254	0.009285999999974592	trials	electrical	biphasic	20	MOs	superficial	isoflurane	False	True
2489.133193	0.009387000000060652	trials	electrical	biphasic	20	MOs	superficial	isoflurane	False	True
2493.002092	0.009487999999691965	trials	electrical	biphasic	20	MOs	superficial	isoflurane	False	True
2497.128141	0.009588999999778025	trials	electrical	biphasic	20	MOs	superficial	isoflurane	False	True
2501.40879	0.00969000000077358	trials	electrical	biphasic	20	MOs	superficial	isoflurane	False	True
2504.990329	0.009790999999950145	trials	electrical	biphasic	20	MOs	superficial	isoflurane	False	True
2509.420138	0.009892000000036205	trials	electrical	biphasic	20	MOs	superficial	isoflurane	False	True
2513.696277	0.009993000000122265	trials	electrical	biphasic	20	MOs	superficial	isoflurane	False	True
2517.683506	0.010094000000208325	trials	electrical	biphasic	20	MOs	superficial	isoflurane	False	True
2521.619785000001	0.01019499999938489	trials	electrical	biphasic	20	MOs	superficial	isoflurane	False	True
2525.566994	0.010296000000380445	trials	electrical	biphasic	20	MOs	superficial	isoflurane	False	True
2529.3737530000008	0.010396999999102263	trials	electrical	biphasic	20	MOs	superficial	isoflurane	False	True
2533.382682	0.010498000000097818	trials	electrical	biphasic	20	MOs	superficial	isoflurane	False	True
2537.393881	0.010599000000183878	trials	electrical	biphasic	20	MOs	superficial	isoflurane	False	True
2541.71193	0.010700000000269938	trials	electrical	biphasic	20	MOs	superficial	isoflurane	False	True
2572.24054	0.0007000000000516593	trials	electrical	biphasic	20	MOs	superficial	recovery	False	True
2575.903139	0.0008010000001377193	trials	electrical	biphasic	20	MOs	superficial	recovery	False	True
2580.197848	0.0009020000002237794	trials	electrical	biphasic	20	MOs	superficial	recovery	False	True
2584.0094870000007	0.0010029999994003447	trials	electrical	biphasic	20	MOs	superficial	recovery	False	True
2588.038456	0.001103999999941152	trials	electrical	biphasic	20	MOs	superficial	recovery	False	True
2591.704515	0.001205000000027212	trials	electrical	biphasic	20	MOs	superficial	recovery	False	True
2595.806914	0.001306000000113272	trials	electrical	biphasic	20	MOs	superficial	recovery	False	True
2599.570323	0.0014070000001993321	trials	electrical	biphasic	20	MOs	superficial	recovery	False	True
2603.724822	0.001518000000032771	trials	electrical	biphasic	20	MOs	superficial	recovery	False	True
2607.914471	0.0016089999999167048	trials	electrical	biphasic	20	MOs	superficial	recovery	False	True
2612.1630600000008	0.0017099999990932702	trials	electrical	biphasic	20	MOs	superficial	recovery	False	True
2616.114019	0.0018110000000888249	trials	electrical	biphasic	20	MOs	superficial	recovery	False	True
2619.698258	0.001912000000174885	trials	electrical	biphasic	20	MOs	superficial	recovery	False	True
2623.4276670000004	0.0020129999998061976	trials	electrical	biphasic	20	MOs	superficial	recovery	False	True
2627.841426	0.0021139999998922576	trials	electrical	biphasic	20	MOs	superficial	recovery	False	True
2631.494235	0.0022149999999783176	trials	electrical	biphasic	20	MOs	superficial	recovery	False	True
2635.820474	0.0023160000000643777	trials	electrical	biphasic	20	MOs	superficial	recovery	False	True
2639.859243	0.0024170000001504377	trials	electrical	biphasic	20	MOs	superficial	recovery	False	True
2644.355812	0.0025180000002364977	trials	electrical	biphasic	20	MOs	superficial	recovery	False	True
2647.934411	0.0026189999998678104	trials	electrical	biphasic	20	MOs	superficial	recovery	False	True
2651.8775100000007	0.002719999999499123	trials	electrical	biphasic	20	MOs	superficial	recovery	False	True
2655.484589	0.002830999999787309	trials	electrical	biphasic	20	MOs	superficial	recovery	False	True
2659.946918	0.0029220000001259905	trials	electrical	biphasic	20	MOs	superficial	recovery	False	True
2663.451977	0.0030329999999594293	trials	electrical	biphasic	20	MOs	superficial	recovery	False	True
2667.727326	0.003123999999843363	trials	electrical	biphasic	20	MOs	superficial	recovery	False	True
2672.045055	0.003224999999929423	trials	electrical	biphasic	20	MOs	superficial	recovery	False	True
2676.414184	0.0033260000000154832	trials	electrical	biphasic	20	MOs	superficial	recovery	False	True
2679.999043	0.0034270000001015433	trials	electrical	biphasic	20	MOs	superficial	recovery	False	True
2683.899242	0.0035280000001876033	trials	electrical	biphasic	20	MOs	superficial	recovery	False	True
2687.659541	0.003639000000021042	trials	electrical	biphasic	20	MOs	superficial	recovery	False	True
2691.96003	0.003729999999904976	trials	electrical	biphasic	20	MOs	superficial	recovery	False	True
2695.891879	0.003830999999991036	trials	electrical	biphasic	20	MOs	superficial	recovery	False	True
2700.302938	0.003942000000279222	trials	electrical	biphasic	20	MOs	superficial	recovery	False	True
2703.985207	0.004032999999708409	trials	electrical	biphasic	20	MOs	superficial	recovery	False	True
2707.7494260000008	0.004133999999339721	trials	electrical	biphasic	20	MOs	superficial	recovery	False	True
2711.3953850000007	0.004234999999425781	trials	electrical	biphasic	20	MOs	superficial	recovery	False	True
2715.031874	0.004336000000421336	trials	electrical	biphasic	20	MOs	superficial	recovery	False	True
2719.401593	0.004437000000052649	trials	electrical	biphasic	20	MOs	superficial	recovery	False	True
2723.481722	0.004538000000138709	trials	electrical	biphasic	20	MOs	superficial	recovery	False	True
2727.532001	0.0046389999997700215	trials	electrical	biphasic	20	MOs	superficial	recovery	False	True
2731.17739	0.004740000000310829	trials	electrical	biphasic	20	MOs	superficial	recovery	False	True
2735.530849	0.004840999999942142	trials	electrical	biphasic	20	MOs	superficial	recovery	False	True
2739.653338	0.004942000000028202	trials	electrical	biphasic	20	MOs	superficial	recovery	False	True
2743.5047170000007	0.005043000000114262	trials	electrical	biphasic	20	MOs	superficial	recovery	False	True
2747.518406	0.005143999999745574	trials	electrical	biphasic	20	MOs	superficial	recovery	False	True
2751.420625	0.005244999999831634	trials	electrical	biphasic	20	MOs	superficial	recovery	False	True
2754.997004	0.0053560000001198205	trials	electrical	biphasic	20	MOs	superficial	recovery	False	True
2758.737353	0.005447000000003754	trials	electrical	biphasic	20	MOs	superficial	recovery	False	True
2762.361092	0.005548000000089814	trials	electrical	biphasic	20	MOs	superficial	recovery	False	True
2766.045411	0.005658999999923253	trials	electrical	biphasic	20	MOs	superficial	recovery	False	True
2769.785799	0.0057509999996909755	trials	electrical	biphasic	20	MOs	superficial	recovery	False	True
2773.703478	0.005852000000231783	trials	electrical	biphasic	20	MOs	superficial	recovery	False	True
2777.253557	0.00595300000077259	trials	electrical	biphasic	20	MOs	superficial	recovery	False	True
2781.656706	0.006053999999949156	trials	electrical	biphasic	20	MOs	superficial	recovery	False	True
2786.101915	0.006155000000035216	trials	electrical	biphasic	20	MOs	superficial	recovery	False	True
2790.093194	0.006256000000121276	trials	electrical	biphasic	20	MOs	superficial	recovery	False	True
2794.082883	0.006356999999752588	trials	electrical	biphasic	20	MOs	superficial	recovery	False	True
2797.921022	0.00645800000120289	trials	electrical	biphasic	20	MOs	superficial	recovery	False	True
2802.321511	0.006558999999924708	trials	electrical	biphasic	20	MOs	superficial	recovery	False	True
2806.19117	0.006660000000010768	trials	electrical	biphasic	20	MOs	superficial	recovery	False	True
2809.802799	0.0067610000000968284	trials	electrical	biphasic	20	MOs	superficial	recovery	False	True
2814.083478	0.0068620000001828885	trials	electrical	biphasic	20	MOs	superficial	recovery	False	True
2817.973647	0.0069630000002689485	trials	electrical	biphasic	20	MOs	superficial	recovery	False	True
2821.715766	0.0070640000003550085	trials	electrical	biphasic	20	MOs	superficial	recovery	False	True
2825.620105	0.007164999999986321	trials	electrical	biphasic	20	MOs	superficial	recovery	False	True
2829.2169940000013	0.007265999998708139	trials	electrical	biphasic	20	MOs	superficial	recovery	False	True
2832.849393	0.007367000000158441	trials	electrical	biphasic	20	MOs	superficial	recovery	False	True
2837.291882	0.007467999999789754	trials	electrical	biphasic	20	MOs	superficial	recovery	False	True
2841.748441	0.007578999999623193	trials	electrical	biphasic	20	MOs	superficial	recovery	False	True
2845.82407	0.007669999999961874	trials	electrical	biphasic	20	MOs	superficial	recovery	False	True
2849.384269	0.007771000000047934	trials	electrical	biphasic	20	MOs	superficial	recovery	False	True
2853.119478	0.007872000000133994	trials	electrical	biphasic	20	MOs	superficial	recovery	True	True
2856.973057	0.007972999999765307	trials	electrical	biphasic	20	MOs	superficial	recovery	True	True
2861.294686	0.008073999999851367	trials	electrical	biphasic	20	MOs	superficial	recovery	False	True
2864.810505	0.008174999999937427	trials	electrical	biphasic	20	MOs	superficial	recovery	False	True
2868.353944	0.008276000000023487	trials	electrical	biphasic	20	MOs	superficial	recovery	False	True
2872.023363	0.008377000000109547	trials	electrical	biphasic	20	MOs	superficial	recovery	False	True
2876.172912	0.008478000000195607	trials	electrical	biphasic	20	MOs	superficial	recovery	False	True
2880.405061	0.008579000000281667	trials	electrical	biphasic	20	MOs	superficial	recovery	False	True
2884.55322	0.008680000000367727	trials	electrical	biphasic	20	MOs	superficial	recovery	False	True
2888.504569	0.00878099999999904	trials	electrical	biphasic	20	MOs	superficial	recovery	False	True
2892.551988	0.008881999999630352	trials	electrical	biphasic	20	MOs	superficial	recovery	False	True
2896.348737000001	0.008982999998806918	trials	electrical	biphasic	20	MOs	superficial	recovery	False	True
2900.593856	0.00908400000025722	trials	electrical	biphasic	20	MOs	superficial	recovery	False	True
2904.283235000001	0.009184999999433785	trials	electrical	biphasic	20	MOs	superficial	recovery	False	True
2908.470444	0.009285999999974592	trials	electrical	biphasic	20	MOs	superficial	recovery	False	True
2912.154383	0.009396999999808031	trials	electrical	biphasic	20	MOs	superficial	recovery	False	True
2916.023292000001	0.00948799999878247	trials	electrical	biphasic	20	MOs	superficial	recovery	False	True
2920.149331	0.009598999999980151	trials	electrical	biphasic	20	MOs	superficial	recovery	False	True
2924.42998	0.009690000000318832	trials	electrical	biphasic	20	MOs	superficial	recovery	False	True
2928.011519	0.009790999999950145	trials	electrical	biphasic	20	MOs	superficial	recovery	False	True
2932.441328000001	0.00989199999912671	trials	electrical	biphasic	20	MOs	superficial	recovery	False	True
2936.717477	0.009992999999667518	trials	electrical	biphasic	20	MOs	superficial	recovery	False	True
2940.704696	0.010094000000208325	trials	electrical	biphasic	20	MOs	superficial	recovery	False	True
2944.640985	0.01019500000120388	trials	electrical	biphasic	20	MOs	superficial	recovery	False	True
2948.588184	0.010295999999925698	trials	electrical	biphasic	20	MOs	superficial	recovery	False	True
2952.394943	0.010407000000213884	trials	electrical	biphasic	20	MOs	superficial	recovery	False	True
2956.403872	0.010498000000097818	trials	electrical	biphasic	20	MOs	superficial	recovery	False	True
2960.415081	0.010599000001093373	trials	electrical	biphasic	20	MOs	superficial	recovery	False	True
2964.73312	0.010700000000269938	trials	electrical	biphasic	20	MOs	superficial	recovery	False	True
2977.914880000001	0.0007099999988895433	trials	electrical	biphasic	20	MOs	superficial	recovery	False	True
2981.577489	0.0008010000001377193	trials	electrical	biphasic	20	MOs	superficial	recovery	False	True
2985.872188	0.0009020000002237794	trials	electrical	biphasic	20	MOs	superficial	recovery	False	True
2989.683837	0.001002999999855092	trials	electrical	biphasic	20	MOs	superficial	recovery	False	True
2993.712796000001	0.0011039999990316574	trials	electrical	biphasic	20	MOs	superficial	recovery	False	True
2997.378865	0.001205000000027212	trials	electrical	biphasic	20	MOs	superficial	recovery	False	True
3001.481264	0.001306000000113272	trials	electrical	biphasic	20	MOs	superficial	recovery	False	True
3005.244663	0.0014169999999467109	trials	electrical	biphasic	20	MOs	superficial	recovery	False	True
3009.399172	0.0015080000002853922	trials	electrical	biphasic	20	MOs	superficial	recovery	False	True
3013.588821000001	0.0016089999990072101	trials	electrical	biphasic	20	MOs	superficial	recovery	False	True
3017.8374	0.001720000000204891	trials	electrical	biphasic	20	MOs	superficial	recovery	False	True
3021.788369000001	0.0018109999991793302	trials	electrical	biphasic	20	MOs	superficial	recovery	False	True
3025.372608	0.0019119999997201376	trials	electrical	biphasic	20	MOs	superficial	recovery	False	True
3029.102007	0.002013000000260945	trials	electrical	biphasic	20	MOs	superficial	recovery	False	True
3033.515776	0.0021139999998922576	trials	electrical	biphasic	20	MOs	superficial	recovery	False	True
3037.168575	0.0022249999997256964	trials	electrical	biphasic	20	MOs	superficial	recovery	False	True
3041.494824	0.0023160000000643777	trials	electrical	biphasic	20	MOs	superficial	recovery	False	True
3045.533593	0.0024170000010599324	trials	electrical	biphasic	20	MOs	superficial	recovery	False	True
3050.030152	0.0025180000002364977	trials	electrical	biphasic	20	MOs	superficial	recovery	False	True
3053.608761	0.0026190000012320525	trials	electrical	biphasic	20	MOs	superficial	recovery	False	True
3057.55186	0.0027199999999538704	trials	electrical	biphasic	20	MOs	superficial	recovery	False	True
3061.158939	0.0028210000000399305	trials	electrical	biphasic	20	MOs	superficial	recovery	False	True
3065.621268	0.0029220000001259905	trials	electrical	biphasic	20	MOs	superficial	recovery	False	True
3069.126327	0.0030230000002120505	trials	electrical	biphasic	20	MOs	superficial	recovery	False	True
3073.401676	0.003123999999843363	trials	electrical	biphasic	20	MOs	superficial	recovery	False	True
3077.719405000001	0.0032249999990199285	trials	electrical	biphasic	20	MOs	superficial	recovery	False	True
3082.088524	0.0033360000002176093	trials	electrical	biphasic	20	MOs	superficial	recovery	True	True
3085.673393	0.0034270000001015433	trials	electrical	biphasic	20	MOs	superficial	recovery	False	True
3089.573592	0.003527999999732856	trials	electrical	biphasic	20	MOs	superficial	recovery	False	True
3093.333891	0.003628999999818916	trials	electrical	biphasic	20	MOs	superficial	recovery	False	True
3097.63438	0.0037300000008144707	trials	electrical	biphasic	20	MOs	superficial	recovery	False	True
3101.566229	0.003830999999991036	trials	electrical	biphasic	20	MOs	superficial	recovery	False	True
3105.977288	0.003932000000077096	trials	electrical	biphasic	20	MOs	superficial	recovery	False	True
3109.659557	0.004033000000163156	trials	electrical	biphasic	20	MOs	superficial	recovery	False	True
3113.423776	0.0041340000007039635	trials	electrical	biphasic	20	MOs	superficial	recovery	False	True
3117.069735	0.004234999999880529	trials	electrical	biphasic	20	MOs	superficial	recovery	False	True
3120.706214000001	0.004345999998804473	trials	electrical	biphasic	20	MOs	superficial	recovery	False	True
3125.075943	0.004437000000052649	trials	electrical	biphasic	20	MOs	superficial	recovery	False	True
3129.156072	0.0045380000010482036	trials	electrical	biphasic	20	MOs	superficial	recovery	False	True
3133.206351000001	0.004648999998607906	trials	electrical	biphasic	20	MOs	superficial	recovery	False	True
3136.85174	0.0047399999998560816	trials	electrical	biphasic	20	MOs	superficial	recovery	False	True
3141.205199	0.004840999999942142	trials	electrical	biphasic	20	MOs	superficial	recovery	False	True
3145.327688	0.004942000000028202	trials	electrical	biphasic	20	MOs	superficial	recovery	False	True
3149.179067	0.005043000000114262	trials	electrical	biphasic	20	MOs	superficial	recovery	False	True
3153.192756	0.005144000000200322	trials	electrical	biphasic	20	MOs	superficial	recovery	False	True
3157.094975	0.005244999999831634	trials	electrical	biphasic	20	MOs	superficial	recovery	False	True
3160.671354	0.0053560000001198205	trials	electrical	biphasic	20	MOs	superficial	recovery	False	True
3164.411703	0.005447000000003754	trials	electrical	biphasic	20	MOs	superficial	recovery	False	True
3168.035442000001	0.00554799999918032	trials	electrical	biphasic	20	MOs	superficial	recovery	False	True
3171.719761	0.0056490000001758744	trials	electrical	biphasic	20	MOs	superficial	recovery	False	True
3175.460149	0.005751000000145723	trials	electrical	biphasic	20	MOs	superficial	recovery	False	True
3179.377828	0.0058519999997770356	trials	electrical	biphasic	20	MOs	superficial	recovery	False	True
3182.927907	0.005953000000317843	trials	electrical	biphasic	20	MOs	superficial	recovery	True	True
3187.331056	0.006053999999949156	trials	electrical	biphasic	20	MOs	superficial	recovery	True	True
3191.776265	0.006155000000035216	trials	electrical	biphasic	20	MOs	superficial	recovery	False	True
3195.767544000001	0.006255999998757034	trials	electrical	biphasic	20	MOs	superficial	recovery	False	True
3199.757233	0.006357000000207336	trials	electrical	biphasic	20	MOs	superficial	recovery	False	True
3203.595372	0.006457999999838648	trials	electrical	biphasic	20	MOs	superficial	recovery	True	True
3207.995861	0.006558999999924708	trials	electrical	biphasic	20	MOs	superficial	recovery	False	True
3211.86552	0.0066700000002128945	trials	electrical	biphasic	20	MOs	superficial	recovery	False	True
3215.477149	0.0067610000000968284	trials	electrical	biphasic	20	MOs	superficial	recovery	False	True
3219.757828	0.0068620000001828885	trials	electrical	biphasic	20	MOs	superficial	recovery	False	True
3223.647997	0.006963000001178443	trials	electrical	biphasic	20	MOs	superficial	recovery	False	True
3227.390116	0.007063999999900261	trials	electrical	biphasic	20	MOs	superficial	recovery	False	True
3231.294465	0.007164999999986321	trials	electrical	biphasic	20	MOs	superficial	recovery	True	True
3234.891344	0.007266000000072381	trials	electrical	biphasic	20	MOs	superficial	recovery	False	True
3238.523743	0.007367000001067936	trials	electrical	biphasic	20	MOs	superficial	recovery	False	True
3242.966232	0.007467999999789754	trials	electrical	biphasic	20	MOs	superficial	recovery	False	True
3247.422801	0.007568999999875814	trials	electrical	biphasic	20	MOs	superficial	recovery	False	True
3251.49842	0.007669999999961874	trials	electrical	biphasic	20	MOs	superficial	recovery	False	True
3255.058619	0.00778100000025006	trials	electrical	biphasic	20	MOs	superficial	recovery	True	True
3258.793828000001	0.007871999998769752	trials	electrical	biphasic	20	MOs	superficial	recovery	False	True
3262.647407	0.007973000000220054	trials	electrical	biphasic	20	MOs	superficial	recovery	False	True
3266.969036	0.008074000001215609	trials	electrical	biphasic	20	MOs	superficial	recovery	False	True
3270.484855	0.008174999999937427	trials	electrical	biphasic	20	MOs	superficial	recovery	True	True
3274.028294	0.008276000000023487	trials	electrical	biphasic	20	MOs	superficial	recovery	False	True
3277.697713	0.008386999999856926	trials	electrical	biphasic	20	MOs	superficial	recovery	False	True
3281.847262	0.008478000000195607	trials	electrical	biphasic	20	MOs	superficial	recovery	False	True
3286.079411	0.00857899999982692	trials	electrical	biphasic	20	MOs	superficial	recovery	False	True
3290.22757	0.008690000000115106	trials	electrical	biphasic	20	MOs	superficial	recovery	False	True
3294.178919	0.00878099999999904	trials	electrical	biphasic	20	MOs	superficial	recovery	False	True
3298.226338	0.0088820000000851	trials	electrical	biphasic	20	MOs	superficial	recovery	False	True
3302.023087	0.00898300000017116	trials	electrical	biphasic	20	MOs	superficial	recovery	False	True
3306.268206	0.009094000000004598	trials	electrical	biphasic	20	MOs	superficial	recovery	False	True
3309.957595	0.00918500000034328	trials	electrical	biphasic	20	MOs	superficial	recovery	False	True
3314.144794000001	0.009295999998812476	trials	electrical	biphasic	20	MOs	superficial	recovery	False	True
3317.828743	0.009387000000060652	trials	electrical	biphasic	20	MOs	superficial	recovery	False	True
3321.697642	0.009487999999691965	trials	electrical	biphasic	20	MOs	superficial	recovery	False	True
3325.823691	0.009589000001142267	trials	electrical	biphasic	20	MOs	superficial	recovery	False	True
3330.10433	0.009689999999864085	trials	electrical	biphasic	20	MOs	superficial	recovery	False	True
3333.685869	0.009801000000152271	trials	electrical	biphasic	20	MOs	superficial	recovery	False	True
3338.115678	0.009892000000036205	trials	electrical	biphasic	20	MOs	superficial	recovery	True	True
3342.391827	0.009993000000122265	trials	electrical	biphasic	20	MOs	superficial	recovery	False	True
3346.379046	0.010094000000208325	trials	electrical	biphasic	20	MOs	superficial	recovery	False	True
3350.315335	0.010195000000294385	trials	electrical	biphasic	20	MOs	superficial	recovery	False	True
3354.262534	0.010306000000127824	trials	electrical	biphasic	20	MOs	superficial	recovery	False	True
3358.069303	0.01039699999955701	trials	electrical	biphasic	20	MOs	superficial	recovery	False	True
3362.078222	0.010498000000097818	trials	electrical	biphasic	20	MOs	superficial	recovery	False	True
3366.089431000001	0.010598999999274383	trials	electrical	biphasic	20	MOs	superficial	recovery	False	True
3370.40747	0.010700000001179433	trials	electrical	biphasic	20	MOs	superficial	recovery	False	True
3386.62231	0.0007100000002537854	trials	electrical	biphasic	20	MOs	superficial	recovery	False	True
3390.284919	0.000801000001047214	trials	electrical	biphasic	20	MOs	superficial	recovery	False	True
3394.579618	0.0009119999999711581	trials	electrical	biphasic	20	MOs	superficial	recovery	False	True
3398.391267	0.001003000001219334	trials	electrical	biphasic	20	MOs	superficial	recovery	False	True
3402.420226	0.001103999999941152	trials	electrical	biphasic	20	MOs	superficial	recovery	False	True
3406.0862950000005	0.0012049999995724647	trials	electrical	biphasic	20	MOs	superficial	recovery	False	True
3410.188694	0.001306000000113272	trials	electrical	biphasic	20	MOs	superficial	recovery	False	True
3413.952103	0.0014070000011088268	trials	electrical	biphasic	20	MOs	superficial	recovery	False	True
3418.106602000001	0.0015079999989211501	trials	electrical	biphasic	20	MOs	superficial	recovery	False	True
3422.296251	0.0016089999999167048	trials	electrical	biphasic	20	MOs	superficial	recovery	False	True
3426.54483	0.001720000000204891	trials	electrical	biphasic	20	MOs	superficial	recovery	True	True
3430.495799000001	0.0018110000000888249	trials	electrical	biphasic	20	MOs	superficial	recovery	False	True
3434.080038	0.0019119999997201376	trials	electrical	biphasic	20	MOs	superficial	recovery	False	True
3437.809437	0.0020230000013725657	trials	electrical	biphasic	20	MOs	superficial	recovery	False	True
3442.223206	0.002114000000347005	trials	electrical	biphasic	20	MOs	superficial	recovery	False	True
3445.876005	0.0022249999997256964	trials	electrical	biphasic	20	MOs	superficial	recovery	False	True
3450.202254	0.0023160000009738724	trials	electrical	biphasic	20	MOs	superficial	recovery	False	True
3454.241023	0.0024170000001504377	trials	electrical	biphasic	20	MOs	superficial	recovery	True	True
3458.737582	0.0025279999999838765	trials	electrical	biphasic	20	MOs	superficial	recovery	False	True
3462.3161909999994	0.002619000000777305	trials	electrical	biphasic	20	MOs	superficial	recovery	False	True
3466.25929	0.0027200000013181125	trials	electrical	biphasic	20	MOs	superficial	recovery	False	True
3469.866369	0.0028210000000399305	trials	electrical	biphasic	20	MOs	superficial	recovery	False	True
3474.328698	0.002922000000580738	trials	electrical	biphasic	20	MOs	superficial	recovery	False	True
3477.833757	0.0030230000002120505	trials	electrical	biphasic	20	MOs	superficial	recovery	False	True
3482.109106000001	0.003123999999388616	trials	electrical	biphasic	20	MOs	superficial	recovery	False	True
3486.426835	0.003224999999929423	trials	electrical	biphasic	20	MOs	superficial	recovery	False	True
3490.795954	0.003335999999762862	trials	electrical	biphasic	20	MOs	superficial	recovery	False	True
3494.3808229999995	0.0034270000005562906	trials	electrical	biphasic	20	MOs	superficial	recovery	False	True
3498.281022	0.003527999999732856	trials	electrical	biphasic	20	MOs	superficial	recovery	False	True
3502.041321	0.003639000000021042	trials	electrical	biphasic	20	MOs	superficial	recovery	False	True
3506.3418100000013	0.003729999998540734	trials	electrical	biphasic	20	MOs	superficial	recovery	False	True
3510.2736590000004	0.0038309999995362887	trials	electrical	biphasic	20	MOs	superficial	recovery	False	True
3514.684718	0.003942000001188717	trials	electrical	biphasic	20	MOs	superficial	recovery	True	True
3518.366987	0.004033000000617903	trials	electrical	biphasic	20	MOs	superficial	recovery	False	True
3522.131206	0.004133999999794469	trials	electrical	biphasic	20	MOs	superficial	recovery	False	True
3525.777165	0.004234999999880529	trials	electrical	biphasic	20	MOs	superficial	recovery	False	True
3529.413654	0.004335999999966589	trials	electrical	biphasic	20	MOs	superficial	recovery	True	True
3533.783373	0.0044370000009621435	trials	electrical	biphasic	20	MOs	superficial	recovery	False	True
3537.863502	0.0045379999996839615	trials	electrical	biphasic	20	MOs	superficial	recovery	True	True
3541.913781	0.004639000000224769	trials	electrical	biphasic	20	MOs	superficial	recovery	False	True
3545.5591700000004	0.004740000000765576	trials	electrical	biphasic	20	MOs	superficial	recovery	False	True
3549.912629	0.004851000000144268	trials	electrical	biphasic	20	MOs	superficial	recovery	False	True
3554.035118	0.004942000001392444	trials	electrical	biphasic	20	MOs	superficial	recovery	False	True
3557.886497	0.00505299999986164	trials	electrical	biphasic	20	MOs	superficial	recovery	False	True
3561.900186	0.005144000000200322	trials	electrical	biphasic	20	MOs	superficial	recovery	True	True
3565.802405	0.005245000000286382	trials	electrical	biphasic	20	MOs	superficial	recovery	False	True
3569.3787840000005	0.005355999999665073	trials	electrical	biphasic	20	MOs	superficial	recovery	True	True
3573.119133	0.005447000000003754	trials	electrical	biphasic	20	MOs	superficial	recovery	False	True
3576.742872	0.0055480000014540565	trials	electrical	biphasic	20	MOs	superficial	recovery	False	True
3580.427191	0.005658999999923253	trials	electrical	biphasic	20	MOs	superficial	recovery	False	True
3584.167579	0.005751000000145723	trials	electrical	biphasic	20	MOs	superficial	recovery	False	True
3588.085258	0.005852000001141278	trials	electrical	biphasic	20	MOs	superficial	recovery	False	True
3591.635337	0.005962999999610474	trials	electrical	biphasic	20	MOs	superficial	recovery	False	True
3596.038486	0.006053999999949156	trials	electrical	biphasic	20	MOs	superficial	recovery	False	True
3600.4836950000013	0.006154999998670974	trials	electrical	biphasic	20	MOs	superficial	recovery	False	True
3604.474974	0.006265999999868654	trials	electrical	biphasic	20	MOs	superficial	recovery	False	True
3608.464663	0.006356999999752588	trials	electrical	biphasic	20	MOs	superficial	recovery	True	True
3612.302802	0.006457999999838648	trials	electrical	biphasic	20	MOs	superficial	recovery	True	True
3616.703291	0.006559000000379456	trials	electrical	biphasic	20	MOs	superficial	recovery	False	True
3620.57295	0.006669999999758147	trials	electrical	biphasic	20	MOs	superficial	recovery	True	True
3624.184579	0.006760999999642081	trials	electrical	biphasic	20	MOs	superficial	recovery	False	True
3628.465258	0.006861999999728141	trials	electrical	biphasic	20	MOs	superficial	recovery	False	True
3632.355427	0.006962999999814201	trials	electrical	biphasic	20	MOs	superficial	recovery	False	True
3636.097546	0.007063999999900261	trials	electrical	biphasic	20	MOs	superficial	recovery	False	True
3640.001885	0.0071749999997337	trials	electrical	biphasic	20	MOs	superficial	recovery	True	True
3643.598774	0.007266000000072381	trials	electrical	biphasic	20	MOs	superficial	recovery	False	True
3647.231173	0.007366999999703694	trials	electrical	biphasic	20	MOs	superficial	recovery	False	True
3651.673662	0.007467999999789754	trials	electrical	biphasic	20	MOs	superficial	recovery	False	True
3656.130231	0.007568999999875814	trials	electrical	biphasic	20	MOs	superficial	recovery	False	True
3660.20585	0.007669999999961874	trials	electrical	biphasic	20	MOs	superficial	recovery	False	True
3663.766049	0.007771000000047934	trials	electrical	biphasic	20	MOs	superficial	recovery	False	True
3667.501258	0.007872000000133994	trials	electrical	biphasic	20	MOs	superficial	recovery	False	True
3671.354837	0.007973000000220054	trials	electrical	biphasic	20	MOs	superficial	recovery	False	True
3675.676466	0.008074000000306114	trials	electrical	biphasic	20	MOs	superficial	recovery	True	True
3679.192285	0.008174999999937427	trials	electrical	biphasic	20	MOs	superficial	recovery	False	True
3682.735724	0.008276000000023487	trials	electrical	biphasic	20	MOs	superficial	recovery	False	True
3686.405143	0.008377000001473789	trials	electrical	biphasic	20	MOs	superficial	recovery	False	True
3690.554692	0.00847799999974086	trials	electrical	biphasic	20	MOs	superficial	recovery	False	True
3694.786841	0.00857899999982692	trials	electrical	biphasic	20	MOs	superficial	recovery	False	True
3698.935	0.00867999999991298	trials	electrical	biphasic	20	MOs	superficial	recovery	False	True
3702.886349	0.00878099999999904	trials	electrical	biphasic	20	MOs	superficial	recovery	False	True
3706.933768	0.0088820000000851	trials	electrical	biphasic	20	MOs	superficial	recovery	False	True
3710.730517	0.00898300000017116	trials	electrical	biphasic	20	MOs	superficial	recovery	False	True
3714.975636	0.009083999999802472	trials	electrical	biphasic	20	MOs	superficial	recovery	False	True
3718.665015	0.009195000000090658	trials	electrical	biphasic	20	MOs	superficial	recovery	False	True
3722.852224	0.009285999999974592	trials	electrical	biphasic	20	MOs	superficial	recovery	False	True
3726.536163	0.009386999999605905	trials	electrical	biphasic	20	MOs	superficial	recovery	False	True
3730.405072	0.009488000000146712	trials	electrical	biphasic	20	MOs	superficial	recovery	False	True
3734.531111	0.009599000000434899	trials	electrical	biphasic	20	MOs	superficial	recovery	False	True
3738.81176	0.009689999999864085	trials	electrical	biphasic	20	MOs	superficial	recovery	False	True
3742.393299	0.009790999999950145	trials	electrical	biphasic	20	MOs	superficial	recovery	False	True
3746.823108	0.009892000000036205	trials	electrical	biphasic	20	MOs	superficial	recovery	False	True
3751.099257	0.009993000000122265	trials	electrical	biphasic	20	MOs	superficial	recovery	False	True
3755.086476	0.010094000000208325	trials	electrical	biphasic	20	MOs	superficial	recovery	False	True
3759.022765	0.010194999999839638	trials	electrical	biphasic	20	MOs	superficial	recovery	False	True
3762.969964	0.010295999999925698	trials	electrical	biphasic	20	MOs	superficial	recovery	False	True
3766.776723	0.010407000000213884	trials	electrical	biphasic	20	MOs	superficial	recovery	False	True
3770.7856520000014	0.010497999998733576	trials	electrical	biphasic	20	MOs	superficial	recovery	False	True
3774.796851	0.010608999999931257	trials	electrical	biphasic	20	MOs	superficial	recovery	False	True
3779.1149	0.01069999999981519	trials	electrical	biphasic	20	MOs	superficial	recovery	False	True
