name	probe_name	x	y	z	hemisphere	impedance	shank_id	location
e000	EEG array	377.0	58.0	82.0	n/a	n/a	EEG array	VISl
e001	EEG array	377.0	24.0	141.0	n/a	n/a	EEG array	VISp
e002	EEG array	377.0	20.0	188.0	n/a	n/a	EEG array	RSPagl
e003	EEG array	333.0	47.0	79.0	n/a	n/a	EEG array	VISal
e004	EEG array	333.0	25.0	119.0	n/a	n/a	EEG array	VISp
e005	EEG array	333.0	7.0	182.0	n/a	n/a	EEG array	RSPagl
e006	EEG array	290.0	47.0	81.0	n/a	n/a	EEG array	SSp-bfd
e007	EEG array	290.0	26.0	119.0	n/a	n/a	EEG array	VISa
e008	EEG array	290.0	9.0	183.0	n/a	n/a	EEG array	RSPagl
e009	EEG array	231.0	51.0	97.0	n/a	n/a	EEG array	SSp-bfd
e010	EEG array	231.0	29.0	143.0	n/a	n/a	EEG array	SSp-ll
e011	EEG array	170.0	51.0	156.0	n/a	n/a	EEG array	MOp
e012	EEG array	170.0	43.0	208.0	n/a	n/a	EEG array	MOs
e013	EEG array	120.0	63.0	172.0	n/a	n/a	EEG array	MOs
e014	EEG array	120.0	63.0	208.0	n/a	n/a	EEG array	MOs
e015	EEG array	120.0	63.0	248.0	n/a	n/a	EEG array	MOs
e016	EEG array	120.0	64.0	284.0	n/a	n/a	EEG array	MOs
e017	EEG array	170.0	43.0	248.0	n/a	n/a	EEG array	MOs
e018	EEG array	170.0	51.0	300.0	n/a	n/a	EEG array	MOp
e019	EEG array	231.0	29.0	312.0	n/a	n/a	EEG array	SSp-ll
e020	EEG array	231.0	51.0	358.0	n/a	n/a	EEG array	SSp-bfd
e021	EEG array	290.0	9.0	272.0	n/a	n/a	EEG array	RSPagl
e022	EEG array	290.0	25.0	336.0	n/a	n/a	EEG array	VISa
e023	EEG array	290.0	47.0	374.0	n/a	n/a	EEG array	SSp-bfd
e024	EEG array	333.0	7.0	273.0	n/a	n/a	EEG array	RSPagl
e025	EEG array	333.0	24.0	336.0	n/a	n/a	EEG array	VISp
e026	EEG array	333.0	47.0	376.0	n/a	n/a	EEG array	VISal
e027	EEG array	377.0	20.0	268.0	n/a	n/a	EEG array	RSPagl
e028	EEG array	377.0	24.0	315.0	n/a	n/a	EEG array	VISp
e029	EEG array	377.0	58.0	374.0	n/a	n/a	EEG array	VISl
e030	probeB	258.0	181.0	165.0	n/a	n/a	probeB	VPM
e031	probeB	258.0	181.0	165.0	n/a	n/a	probeB	VPM
e032	probeB	258.0	180.0	165.0	n/a	n/a	probeB	VPM
e033	probeB	258.0	180.0	165.0	n/a	n/a	probeB	VPM
e034	probeB	258.0	179.0	165.0	n/a	n/a	probeB	VPM
e035	probeB	258.0	179.0	165.0	n/a	n/a	probeB	VPM
e036	probeB	258.0	178.0	165.0	n/a	n/a	probeB	VPM
e037	probeB	258.0	178.0	165.0	n/a	n/a	probeB	VPM
e038	probeB	258.0	177.0	166.0	n/a	n/a	probeB	VPM
e039	probeB	258.0	177.0	166.0	n/a	n/a	probeB	VPM
e040	probeB	258.0	176.0	166.0	n/a	n/a	probeB	VPM
e041	probeB	258.0	176.0	166.0	n/a	n/a	probeB	VPM
e042	probeB	258.0	175.0	166.0	n/a	n/a	probeB	VPM
e043	probeB	258.0	175.0	166.0	n/a	n/a	probeB	VPM
e044	probeB	258.0	174.0	166.0	n/a	n/a	probeB	VPM
e045	probeB	258.0	174.0	166.0	n/a	n/a	probeB	VPM
e046	probeB	258.0	173.0	166.0	n/a	n/a	probeB	VPM
e047	probeB	258.0	173.0	166.0	n/a	n/a	probeB	VPM
e048	probeB	258.0	172.0	166.0	n/a	n/a	probeB	VPM
e049	probeB	258.0	172.0	166.0	n/a	n/a	probeB	VPM
e050	probeB	258.0	172.0	166.0	n/a	n/a	probeB	VPM
e051	probeB	258.0	172.0	166.0	n/a	n/a	probeB	VPM
e052	probeB	258.0	170.0	166.0	n/a	n/a	probeB	VPM
e053	probeB	258.0	170.0	166.0	n/a	n/a	probeB	VPM
e054	probeB	258.0	170.0	166.0	n/a	n/a	probeB	VPM
e055	probeB	258.0	170.0	166.0	n/a	n/a	probeB	VPM
e056	probeB	258.0	169.0	166.0	n/a	n/a	probeB	VPM
e057	probeB	258.0	169.0	166.0	n/a	n/a	probeB	VPM
e058	probeB	258.0	168.0	166.0	n/a	n/a	probeB	VPM
e059	probeB	258.0	168.0	166.0	n/a	n/a	probeB	VPM
e060	probeB	258.0	167.0	166.0	n/a	n/a	probeB	VPM
e061	probeB	258.0	167.0	166.0	n/a	n/a	probeB	VPM
e062	probeB	258.0	166.0	166.0	n/a	n/a	probeB	VPM
e063	probeB	258.0	166.0	166.0	n/a	n/a	probeB	VPM
e064	probeB	258.0	165.0	166.0	n/a	n/a	probeB	VPM
e065	probeB	258.0	165.0	166.0	n/a	n/a	probeB	VPM
e066	probeB	258.0	164.0	166.0	n/a	n/a	probeB	VPM
e067	probeB	258.0	164.0	166.0	n/a	n/a	probeB	VPM
e068	probeB	258.0	163.0	166.0	n/a	n/a	probeB	VPM
e069	probeB	258.0	163.0	166.0	n/a	n/a	probeB	VPM
e070	probeB	258.0	162.0	166.0	n/a	n/a	probeB	VAL
e071	probeB	258.0	162.0	166.0	n/a	n/a	probeB	VAL
e072	probeB	258.0	161.0	166.0	n/a	n/a	probeB	VAL
e073	probeB	258.0	161.0	166.0	n/a	n/a	probeB	VAL
e074	probeB	258.0	160.0	167.0	n/a	n/a	probeB	VAL
e075	probeB	258.0	160.0	167.0	n/a	n/a	probeB	VAL
e076	probeB	258.0	159.0	167.0	n/a	n/a	probeB	VAL
e077	probeB	258.0	159.0	167.0	n/a	n/a	probeB	VAL
e078	probeB	258.0	158.0	167.0	n/a	n/a	probeB	VAL
e079	probeB	258.0	158.0	167.0	n/a	n/a	probeB	VAL
e080	probeB	258.0	157.0	167.0	n/a	n/a	probeB	VAL
e081	probeB	258.0	157.0	167.0	n/a	n/a	probeB	VAL
e082	probeB	258.0	156.0	167.0	n/a	n/a	probeB	VAL
e083	probeB	258.0	156.0	167.0	n/a	n/a	probeB	VAL
e084	probeB	258.0	156.0	167.0	n/a	n/a	probeB	VAL
e085	probeB	258.0	156.0	167.0	n/a	n/a	probeB	VAL
e086	probeB	258.0	154.0	167.0	n/a	n/a	probeB	VAL
e087	probeB	258.0	154.0	167.0	n/a	n/a	probeB	VAL
e088	probeB	258.0	154.0	167.0	n/a	n/a	probeB	VAL
e089	probeB	258.0	154.0	167.0	n/a	n/a	probeB	VAL
e090	probeB	258.0	153.0	167.0	n/a	n/a	probeB	VAL
e091	probeB	258.0	153.0	167.0	n/a	n/a	probeB	VAL
e092	probeB	258.0	152.0	167.0	n/a	n/a	probeB	VPL
e093	probeB	258.0	152.0	167.0	n/a	n/a	probeB	VPL
e094	probeB	258.0	151.0	167.0	n/a	n/a	probeB	VPL
e095	probeB	258.0	151.0	167.0	n/a	n/a	probeB	VPL
e096	probeB	258.0	150.0	167.0	n/a	n/a	probeB	VPL
e097	probeB	258.0	150.0	167.0	n/a	n/a	probeB	VPL
e098	probeB	258.0	149.0	167.0	n/a	n/a	probeB	VPL
e099	probeB	258.0	149.0	167.0	n/a	n/a	probeB	VPL
e100	probeB	258.0	148.0	168.0	n/a	n/a	probeB	VPL
e101	probeB	258.0	148.0	168.0	n/a	n/a	probeB	VPL
e102	probeB	258.0	147.0	168.0	n/a	n/a	probeB	VPL
e103	probeB	258.0	147.0	168.0	n/a	n/a	probeB	VPL
e104	probeB	258.0	146.0	168.0	n/a	n/a	probeB	VPL
e105	probeB	258.0	146.0	168.0	n/a	n/a	probeB	VPL
e106	probeB	258.0	145.0	168.0	n/a	n/a	probeB	VPL
e107	probeB	258.0	145.0	168.0	n/a	n/a	probeB	VPL
e108	probeB	258.0	144.0	168.0	n/a	n/a	probeB	VPL
e109	probeB	258.0	144.0	168.0	n/a	n/a	probeB	VPL
e110	probeB	258.0	143.0	168.0	n/a	n/a	probeB	LD
e111	probeB	258.0	143.0	168.0	n/a	n/a	probeB	LD
e112	probeB	258.0	142.0	168.0	n/a	n/a	probeB	LD
e113	probeB	258.0	142.0	168.0	n/a	n/a	probeB	LD
e114	probeB	258.0	142.0	168.0	n/a	n/a	probeB	LD
e115	probeB	258.0	142.0	168.0	n/a	n/a	probeB	LD
e116	probeB	258.0	140.0	168.0	n/a	n/a	probeB	LD
e117	probeB	258.0	140.0	168.0	n/a	n/a	probeB	LD
e118	probeB	258.0	140.0	168.0	n/a	n/a	probeB	LD
e119	probeB	258.0	140.0	168.0	n/a	n/a	probeB	LD
e120	probeB	258.0	139.0	168.0	n/a	n/a	probeB	LD
e121	probeB	258.0	139.0	168.0	n/a	n/a	probeB	LD
e122	probeB	258.0	138.0	168.0	n/a	n/a	probeB	LD
e123	probeB	258.0	138.0	168.0	n/a	n/a	probeB	LD
e124	probeB	258.0	137.0	168.0	n/a	n/a	probeB	LD
e125	probeB	258.0	137.0	168.0	n/a	n/a	probeB	LD
e126	probeB	258.0	136.0	168.0	n/a	n/a	probeB	LD
e127	probeB	258.0	136.0	168.0	n/a	n/a	probeB	LD
e128	probeB	258.0	135.0	168.0	n/a	n/a	probeB	LD
e129	probeB	258.0	135.0	168.0	n/a	n/a	probeB	LD
e130	probeB	258.0	134.0	168.0	n/a	n/a	probeB	LD
e131	probeB	258.0	134.0	168.0	n/a	n/a	probeB	LD
e132	probeB	258.0	133.0	168.0	n/a	n/a	probeB	LD
e133	probeB	258.0	133.0	168.0	n/a	n/a	probeB	LD
e134	probeB	258.0	132.0	168.0	n/a	n/a	probeB	LD
e135	probeB	258.0	132.0	168.0	n/a	n/a	probeB	LD
e136	probeB	258.0	131.0	168.0	n/a	n/a	probeB	LD
e137	probeB	258.0	131.0	168.0	n/a	n/a	probeB	LD
e138	probeB	258.0	130.0	169.0	n/a	n/a	probeB	LD
e139	probeB	258.0	130.0	169.0	n/a	n/a	probeB	LD
e140	probeB	257.0	129.0	169.0	n/a	n/a	probeB	LD
e141	probeB	257.0	129.0	169.0	n/a	n/a	probeB	LD
e142	probeB	257.0	128.0	169.0	n/a	n/a	probeB	LD
e143	probeB	257.0	128.0	169.0	n/a	n/a	probeB	LD
e144	probeB	257.0	128.0	169.0	n/a	n/a	probeB	LD
e145	probeB	257.0	128.0	169.0	n/a	n/a	probeB	LD
e146	probeB	257.0	126.0	169.0	n/a	n/a	probeB	LD
e147	probeB	257.0	126.0	169.0	n/a	n/a	probeB	LD
e148	probeB	257.0	126.0	169.0	n/a	n/a	probeB	LD
e149	probeB	257.0	126.0	169.0	n/a	n/a	probeB	LD
e150	probeB	257.0	124.0	169.0	n/a	n/a	probeB	LD
e151	probeB	257.0	124.0	169.0	n/a	n/a	probeB	LD
e152	probeB	257.0	124.0	169.0	n/a	n/a	probeB	LD
e153	probeB	257.0	124.0	169.0	n/a	n/a	probeB	LD
e154	probeB	257.0	123.0	169.0	n/a	n/a	probeB	LD
e155	probeB	257.0	123.0	169.0	n/a	n/a	probeB	LD
e156	probeB	257.0	122.0	169.0	n/a	n/a	probeB	LD
e157	probeB	257.0	122.0	169.0	n/a	n/a	probeB	LD
e158	probeB	257.0	121.0	169.0	n/a	n/a	probeB	LD
e159	probeB	257.0	121.0	169.0	n/a	n/a	probeB	LD
e160	probeB	257.0	120.0	169.0	n/a	n/a	probeB	LD
e161	probeB	257.0	120.0	169.0	n/a	n/a	probeB	LD
e162	probeB	257.0	119.0	170.0	n/a	n/a	probeB	LD
e163	probeB	257.0	119.0	170.0	n/a	n/a	probeB	LD
e164	probeB	257.0	118.0	170.0	n/a	n/a	probeB	LD
e165	probeB	257.0	118.0	170.0	n/a	n/a	probeB	LD
e166	probeB	257.0	117.0	170.0	n/a	n/a	probeB	LD
e167	probeB	257.0	117.0	170.0	n/a	n/a	probeB	LD
e168	probeB	257.0	116.0	170.0	n/a	n/a	probeB	root
e169	probeB	257.0	116.0	170.0	n/a	n/a	probeB	root
e170	probeB	257.0	115.0	170.0	n/a	n/a	probeB	root
e171	probeB	257.0	115.0	170.0	n/a	n/a	probeB	root
e172	probeB	257.0	114.0	170.0	n/a	n/a	probeB	fi
e173	probeB	257.0	114.0	170.0	n/a	n/a	probeB	fi
e174	probeB	257.0	113.0	170.0	n/a	n/a	probeB	fi
e175	probeB	257.0	113.0	170.0	n/a	n/a	probeB	fi
e176	probeB	257.0	112.0	170.0	n/a	n/a	probeB	fi
e177	probeB	257.0	112.0	170.0	n/a	n/a	probeB	fi
e178	probeB	257.0	112.0	170.0	n/a	n/a	probeB	fi
e179	probeB	257.0	112.0	170.0	n/a	n/a	probeB	fi
e180	probeB	257.0	110.0	170.0	n/a	n/a	probeB	fi
e181	probeB	257.0	110.0	170.0	n/a	n/a	probeB	fi
e182	probeB	257.0	110.0	170.0	n/a	n/a	probeB	fi
e183	probeB	257.0	110.0	170.0	n/a	n/a	probeB	fi
e184	probeB	257.0	109.0	170.0	n/a	n/a	probeB	fi
e185	probeB	257.0	109.0	170.0	n/a	n/a	probeB	fi
e186	probeB	257.0	108.0	170.0	n/a	n/a	probeB	fi
e187	probeB	257.0	108.0	170.0	n/a	n/a	probeB	fi
e188	probeB	257.0	107.0	170.0	n/a	n/a	probeB	alv
e189	probeB	257.0	107.0	170.0	n/a	n/a	probeB	alv
e190	probeB	257.0	106.0	170.0	n/a	n/a	probeB	alv
e191	probeB	257.0	106.0	170.0	n/a	n/a	probeB	alv
e192	probeB	257.0	105.0	170.0	n/a	n/a	probeB	CA3
e193	probeB	257.0	105.0	170.0	n/a	n/a	probeB	CA3
e194	probeB	257.0	104.0	170.0	n/a	n/a	probeB	CA3
e195	probeB	257.0	104.0	170.0	n/a	n/a	probeB	CA3
e196	probeB	257.0	103.0	170.0	n/a	n/a	probeB	CA3
e197	probeB	257.0	103.0	170.0	n/a	n/a	probeB	CA3
e198	probeB	257.0	102.0	170.0	n/a	n/a	probeB	CA3
e199	probeB	257.0	102.0	170.0	n/a	n/a	probeB	CA3
e200	probeB	257.0	101.0	171.0	n/a	n/a	probeB	CA3
e201	probeB	257.0	101.0	171.0	n/a	n/a	probeB	CA3
e202	probeB	257.0	100.0	171.0	n/a	n/a	probeB	CA3
e203	probeB	257.0	100.0	171.0	n/a	n/a	probeB	CA3
e204	probeB	257.0	99.0	171.0	n/a	n/a	probeB	CA3
e205	probeB	257.0	99.0	171.0	n/a	n/a	probeB	CA3
e206	probeB	257.0	98.0	171.0	n/a	n/a	probeB	CA3
e207	probeB	257.0	98.0	171.0	n/a	n/a	probeB	CA3
e208	probeB	257.0	98.0	171.0	n/a	n/a	probeB	CA3
e209	probeB	257.0	98.0	171.0	n/a	n/a	probeB	CA3
e210	probeB	257.0	96.0	171.0	n/a	n/a	probeB	CA3
e211	probeB	257.0	96.0	171.0	n/a	n/a	probeB	CA3
e212	probeB	257.0	96.0	171.0	n/a	n/a	probeB	CA3
e213	probeB	257.0	96.0	171.0	n/a	n/a	probeB	CA3
e214	probeB	257.0	95.0	171.0	n/a	n/a	probeB	CA3
e215	probeB	257.0	95.0	171.0	n/a	n/a	probeB	CA3
e216	probeB	257.0	94.0	171.0	n/a	n/a	probeB	CA3
e217	probeB	257.0	94.0	171.0	n/a	n/a	probeB	CA3
e218	probeB	257.0	93.0	171.0	n/a	n/a	probeB	CA3
e219	probeB	257.0	93.0	171.0	n/a	n/a	probeB	CA3
e220	probeB	257.0	92.0	171.0	n/a	n/a	probeB	CA3
e221	probeB	257.0	92.0	171.0	n/a	n/a	probeB	CA3
e222	probeB	257.0	91.0	171.0	n/a	n/a	probeB	CA3
e223	probeB	257.0	91.0	171.0	n/a	n/a	probeB	CA3
e224	probeB	257.0	90.0	171.0	n/a	n/a	probeB	CA3
e225	probeB	257.0	90.0	171.0	n/a	n/a	probeB	CA3
e226	probeB	257.0	89.0	172.0	n/a	n/a	probeB	CA3
e227	probeB	257.0	89.0	172.0	n/a	n/a	probeB	CA3
e228	probeB	256.0	88.0	172.0	n/a	n/a	probeB	CA3
e229	probeB	256.0	88.0	172.0	n/a	n/a	probeB	CA3
e230	probeB	256.0	87.0	172.0	n/a	n/a	probeB	CA3
e231	probeB	256.0	87.0	172.0	n/a	n/a	probeB	CA3
e232	probeB	256.0	86.0	172.0	n/a	n/a	probeB	CA3
e233	probeB	256.0	86.0	172.0	n/a	n/a	probeB	CA3
e234	probeB	256.0	85.0	172.0	n/a	n/a	probeB	CA3
e235	probeB	256.0	85.0	172.0	n/a	n/a	probeB	CA3
e236	probeB	256.0	84.0	172.0	n/a	n/a	probeB	CA3
e237	probeB	256.0	84.0	172.0	n/a	n/a	probeB	CA3
e238	probeB	256.0	83.0	172.0	n/a	n/a	probeB	CA3
e239	probeB	256.0	83.0	172.0	n/a	n/a	probeB	CA3
e240	probeB	256.0	82.0	172.0	n/a	n/a	probeB	CA3
e241	probeB	256.0	82.0	172.0	n/a	n/a	probeB	CA3
e242	probeB	256.0	82.0	172.0	n/a	n/a	probeB	CA3
e243	probeB	256.0	82.0	172.0	n/a	n/a	probeB	CA3
e244	probeB	256.0	80.0	172.0	n/a	n/a	probeB	CA2
e245	probeB	256.0	80.0	172.0	n/a	n/a	probeB	CA2
e246	probeB	256.0	80.0	172.0	n/a	n/a	probeB	CA2
e247	probeB	256.0	80.0	172.0	n/a	n/a	probeB	CA2
e248	probeB	256.0	79.0	172.0	n/a	n/a	probeB	CA2
e249	probeB	256.0	79.0	172.0	n/a	n/a	probeB	CA2
e250	probeB	256.0	78.0	172.0	n/a	n/a	probeB	CA2
e251	probeB	256.0	78.0	172.0	n/a	n/a	probeB	CA2
e252	probeB	256.0	77.0	172.0	n/a	n/a	probeB	CA1
e253	probeB	256.0	77.0	172.0	n/a	n/a	probeB	CA1
e254	probeB	256.0	76.0	172.0	n/a	n/a	probeB	CA1
e255	probeB	256.0	76.0	172.0	n/a	n/a	probeB	CA1
e256	probeB	256.0	75.0	172.0	n/a	n/a	probeB	alv
e257	probeB	256.0	75.0	172.0	n/a	n/a	probeB	alv
e258	probeB	256.0	74.0	172.0	n/a	n/a	probeB	alv
e259	probeB	256.0	74.0	172.0	n/a	n/a	probeB	alv
e260	probeB	256.0	73.0	172.0	n/a	n/a	probeB	ccb
e261	probeB	256.0	73.0	172.0	n/a	n/a	probeB	ccb
e262	probeB	256.0	72.0	173.0	n/a	n/a	probeB	ccb
e263	probeB	256.0	72.0	173.0	n/a	n/a	probeB	ccb
e264	probeB	256.0	71.0	173.0	n/a	n/a	probeB	ccb
e265	probeB	256.0	71.0	173.0	n/a	n/a	probeB	ccb
e266	probeB	256.0	70.0	173.0	n/a	n/a	probeB	ccb
e267	probeB	256.0	70.0	173.0	n/a	n/a	probeB	ccb
e268	probeB	256.0	69.0	173.0	n/a	n/a	probeB	cing
e269	probeB	256.0	69.0	173.0	n/a	n/a	probeB	cing
e270	probeB	256.0	68.0	173.0	n/a	n/a	probeB	cing
e271	probeB	256.0	68.0	173.0	n/a	n/a	probeB	cing
e272	probeB	256.0	68.0	173.0	n/a	n/a	probeB	cing
e273	probeB	256.0	68.0	173.0	n/a	n/a	probeB	cing
e274	probeB	256.0	66.0	173.0	n/a	n/a	probeB	SSp-ll
e275	probeB	256.0	66.0	173.0	n/a	n/a	probeB	SSp-ll
e276	probeB	256.0	66.0	173.0	n/a	n/a	probeB	SSp-ll
e277	probeB	256.0	66.0	173.0	n/a	n/a	probeB	SSp-ll
e278	probeB	256.0	65.0	173.0	n/a	n/a	probeB	SSp-ll
e279	probeB	256.0	65.0	173.0	n/a	n/a	probeB	SSp-ll
e280	probeB	256.0	64.0	173.0	n/a	n/a	probeB	SSp-ll
e281	probeB	256.0	64.0	173.0	n/a	n/a	probeB	SSp-ll
e282	probeB	256.0	63.0	173.0	n/a	n/a	probeB	SSp-ll
e283	probeB	256.0	63.0	173.0	n/a	n/a	probeB	SSp-ll
e284	probeB	256.0	62.0	173.0	n/a	n/a	probeB	SSp-ll
e285	probeB	256.0	62.0	173.0	n/a	n/a	probeB	SSp-ll
e286	probeB	256.0	61.0	173.0	n/a	n/a	probeB	SSp-ll
e287	probeB	256.0	61.0	173.0	n/a	n/a	probeB	SSp-ll
e288	probeB	256.0	60.0	174.0	n/a	n/a	probeB	SSp-ll
e289	probeB	256.0	60.0	174.0	n/a	n/a	probeB	SSp-ll
e290	probeB	256.0	59.0	174.0	n/a	n/a	probeB	SSp-ll
e291	probeB	256.0	59.0	174.0	n/a	n/a	probeB	SSp-ll
e292	probeB	256.0	58.0	174.0	n/a	n/a	probeB	SSp-ll
e293	probeB	256.0	58.0	174.0	n/a	n/a	probeB	SSp-ll
e294	probeB	256.0	57.0	174.0	n/a	n/a	probeB	SSp-ll
e295	probeB	256.0	57.0	174.0	n/a	n/a	probeB	SSp-ll
e296	probeB	256.0	56.0	174.0	n/a	n/a	probeB	SSp-ll
e297	probeB	256.0	56.0	174.0	n/a	n/a	probeB	SSp-ll
e298	probeB	256.0	55.0	174.0	n/a	n/a	probeB	SSp-ll
e299	probeB	256.0	55.0	174.0	n/a	n/a	probeB	SSp-ll
e300	probeB	256.0	54.0	174.0	n/a	n/a	probeB	SSp-ll
e301	probeB	256.0	54.0	174.0	n/a	n/a	probeB	SSp-ll
e302	probeB	256.0	54.0	174.0	n/a	n/a	probeB	SSp-ll
e303	probeB	256.0	54.0	174.0	n/a	n/a	probeB	SSp-ll
e304	probeB	256.0	52.0	174.0	n/a	n/a	probeB	SSp-ll
e305	probeB	256.0	52.0	174.0	n/a	n/a	probeB	SSp-ll
e306	probeB	256.0	52.0	174.0	n/a	n/a	probeB	SSp-ll
e307	probeB	256.0	52.0	174.0	n/a	n/a	probeB	SSp-ll
e308	probeB	256.0	50.0	174.0	n/a	n/a	probeB	SSp-ll
e309	probeB	256.0	50.0	174.0	n/a	n/a	probeB	SSp-ll
e310	probeB	256.0	50.0	174.0	n/a	n/a	probeB	SSp-ll
e311	probeB	256.0	50.0	174.0	n/a	n/a	probeB	SSp-ll
e312	probeB	256.0	49.0	174.0	n/a	n/a	probeB	SSp-ll
e313	probeB	256.0	49.0	174.0	n/a	n/a	probeB	SSp-ll
e314	probeB	256.0	48.0	174.0	n/a	n/a	probeB	SSp-tr
e315	probeB	256.0	48.0	174.0	n/a	n/a	probeB	SSp-tr
e316	probeB	256.0	47.0	174.0	n/a	n/a	probeB	SSp-tr
e317	probeB	256.0	47.0	174.0	n/a	n/a	probeB	SSp-tr
e318	probeB	256.0	46.0	174.0	n/a	n/a	probeB	SSp-tr
e319	probeB	256.0	46.0	174.0	n/a	n/a	probeB	SSp-tr
e320	probeB	256.0	45.0	174.0	n/a	n/a	probeB	SSp-tr
e321	probeB	256.0	45.0	174.0	n/a	n/a	probeB	SSp-tr
e322	probeB	256.0	44.0	174.0	n/a	n/a	probeB	SSp-tr
e323	probeB	256.0	44.0	174.0	n/a	n/a	probeB	SSp-tr
e324	probeB	256.0	43.0	174.0	n/a	n/a	probeB	SSp-tr
e325	probeB	256.0	43.0	174.0	n/a	n/a	probeB	SSp-tr
e326	probeB	256.0	42.0	175.0	n/a	n/a	probeB	SSp-tr
e327	probeB	256.0	42.0	175.0	n/a	n/a	probeB	SSp-tr
e328	probeB	256.0	41.0	175.0	n/a	n/a	probeB	SSp-tr
e329	probeB	256.0	41.0	175.0	n/a	n/a	probeB	SSp-tr
e330	probeB	256.0	40.0	175.0	n/a	n/a	probeB	SSp-tr
e331	probeB	256.0	40.0	175.0	n/a	n/a	probeB	SSp-tr
e332	probeB	256.0	39.0	175.0	n/a	n/a	probeB	SSp-tr
e333	probeB	256.0	39.0	175.0	n/a	n/a	probeB	SSp-tr
e334	probeB	256.0	38.0	175.0	n/a	n/a	probeB	SSp-tr
e335	probeB	256.0	38.0	175.0	n/a	n/a	probeB	SSp-tr
e336	probeB	256.0	38.0	175.0	n/a	n/a	probeB	SSp-tr
e337	probeB	256.0	38.0	175.0	n/a	n/a	probeB	SSp-tr
e338	probeB	256.0	36.0	175.0	n/a	n/a	probeB	SSp-tr
e339	probeB	256.0	36.0	175.0	n/a	n/a	probeB	SSp-tr
e340	probeB	256.0	36.0	175.0	n/a	n/a	probeB	SSp-tr
e341	probeB	256.0	36.0	175.0	n/a	n/a	probeB	SSp-tr
e342	probeB	256.0	35.0	175.0	n/a	n/a	probeB	SSp-tr
e343	probeB	256.0	35.0	175.0	n/a	n/a	probeB	SSp-tr
e344	probeB	256.0	34.0	175.0	n/a	n/a	probeB	SSp-tr
e345	probeB	256.0	34.0	175.0	n/a	n/a	probeB	SSp-tr
e346	probeB	256.0	33.0	175.0	n/a	n/a	probeB	SSp-tr
e347	probeB	256.0	33.0	175.0	n/a	n/a	probeB	SSp-tr
e348	probeB	256.0	32.0	175.0	n/a	n/a	probeB	SSp-tr
e349	probeB	256.0	32.0	175.0	n/a	n/a	probeB	SSp-tr
e350	probeB	256.0	31.0	176.0	n/a	n/a	probeB	SSp-tr
e351	probeB	256.0	31.0	176.0	n/a	n/a	probeB	SSp-tr
e352	probeB	256.0	30.0	176.0	n/a	n/a	probeB	SSp-tr
e353	probeB	256.0	30.0	176.0	n/a	n/a	probeB	SSp-tr
e354	probeB	256.0	29.0	176.0	n/a	n/a	probeB	SSp-tr
e355	probeB	256.0	29.0	176.0	n/a	n/a	probeB	SSp-tr
e356	probeB	256.0	28.0	176.0	n/a	n/a	probeB	SSp-tr
e357	probeB	256.0	28.0	176.0	n/a	n/a	probeB	SSp-tr
e358	probeB	256.0	27.0	176.0	n/a	n/a	probeB	SSp-tr
e359	probeB	256.0	27.0	176.0	n/a	n/a	probeB	SSp-tr
e360	probeB	255.0	26.0	176.0	n/a	n/a	probeB	SSp-tr
e361	probeB	255.0	26.0	176.0	n/a	n/a	probeB	SSp-tr
e362	probeB	255.0	25.0	176.0	n/a	n/a	probeB	SSp-tr
e363	probeB	255.0	25.0	176.0	n/a	n/a	probeB	SSp-tr
e364	probeB	255.0	24.0	176.0	n/a	n/a	probeB	SSp-tr
e365	probeB	255.0	24.0	176.0	n/a	n/a	probeB	SSp-tr
e366	probeB	255.0	24.0	176.0	n/a	n/a	probeB	SSp-tr
e367	probeB	255.0	24.0	176.0	n/a	n/a	probeB	SSp-tr
e368	probeB	255.0	22.0	176.0	n/a	n/a	probeB	SSp-tr
e369	probeB	255.0	22.0	176.0	n/a	n/a	probeB	SSp-tr
e370	probeB	255.0	22.0	176.0	n/a	n/a	probeB	SSp-tr
e371	probeB	255.0	22.0	176.0	n/a	n/a	probeB	SSp-tr
e372	probeB	255.0	21.0	176.0	n/a	n/a	probeB	SSp-tr
e373	probeB	255.0	21.0	176.0	n/a	n/a	probeB	SSp-tr
e374	probeB	255.0	20.0	176.0	n/a	n/a	probeB	SSp-tr
e375	probeB	255.0	20.0	176.0	n/a	n/a	probeB	SSp-tr
e376	probeB	255.0	19.0	176.0	n/a	n/a	probeB	SSp-tr
e377	probeB	255.0	19.0	176.0	n/a	n/a	probeB	SSp-tr
e378	probeB	255.0	18.0	176.0	n/a	n/a	probeB	SSp-tr
e379	probeB	255.0	18.0	176.0	n/a	n/a	probeB	SSp-tr
e380	probeB	255.0	17.0	176.0	n/a	n/a	probeB	SSp-tr
e381	probeB	255.0	17.0	176.0	n/a	n/a	probeB	SSp-tr
e382	probeB	255.0	16.0	176.0	n/a	n/a	probeB	none
e383	probeB	255.0	16.0	176.0	n/a	n/a	probeB	none
e384	probeB	255.0	15.0	176.0	n/a	n/a	probeB	none
e385	probeB	255.0	15.0	176.0	n/a	n/a	probeB	none
e386	probeB	255.0	14.0	176.0	n/a	n/a	probeB	none
e387	probeB	255.0	14.0	176.0	n/a	n/a	probeB	none
e388	probeB	255.0	13.0	177.0	n/a	n/a	probeB	none
e389	probeB	255.0	13.0	177.0	n/a	n/a	probeB	none
e390	probeB	255.0	12.0	177.0	n/a	n/a	probeB	none
e391	probeB	255.0	12.0	177.0	n/a	n/a	probeB	none
e392	probeB	255.0	11.0	177.0	n/a	n/a	probeB	none
e393	probeB	255.0	11.0	177.0	n/a	n/a	probeB	none
e394	probeB	255.0	10.0	177.0	n/a	n/a	probeB	none
e395	probeB	255.0	10.0	177.0	n/a	n/a	probeB	none
e396	probeB	255.0	9.0	177.0	n/a	n/a	probeB	none
e397	probeB	255.0	9.0	177.0	n/a	n/a	probeB	none
e398	probeB	255.0	8.0	177.0	n/a	n/a	probeB	none
e399	probeB	255.0	8.0	177.0	n/a	n/a	probeB	none
e400	probeB	255.0	8.0	177.0	n/a	n/a	probeB	none
e401	probeB	255.0	8.0	177.0	n/a	n/a	probeB	none
e402	probeB	255.0	6.0	177.0	n/a	n/a	probeB	none
e403	probeB	255.0	6.0	177.0	n/a	n/a	probeB	none
e404	probeB	255.0	6.0	177.0	n/a	n/a	probeB	none
e405	probeB	255.0	6.0	177.0	n/a	n/a	probeB	none
e406	probeB	255.0	5.0	177.0	n/a	n/a	probeB	none
e407	probeB	255.0	5.0	177.0	n/a	n/a	probeB	none
e408	probeB	255.0	4.0	177.0	n/a	n/a	probeB	none
e409	probeB	255.0	4.0	177.0	n/a	n/a	probeB	none
e410	probeB	255.0	3.0	177.0	n/a	n/a	probeB	none
e411	probeB	255.0	3.0	177.0	n/a	n/a	probeB	none
e412	probeB	255.0	2.0	177.0	n/a	n/a	probeB	none
e413	probeB	255.0	2.0	177.0	n/a	n/a	probeB	none
e414	probeC	316.0	190.0	148.0	n/a	n/a	probeC	ZI
e415	probeC	316.0	190.0	148.0	n/a	n/a	probeC	ZI
e416	probeC	316.0	189.0	147.0	n/a	n/a	probeC	ZI
e417	probeC	316.0	189.0	147.0	n/a	n/a	probeC	ZI
e418	probeC	317.0	188.0	147.0	n/a	n/a	probeC	ZI
e419	probeC	317.0	188.0	147.0	n/a	n/a	probeC	ZI
e420	probeC	317.0	187.0	147.0	n/a	n/a	probeC	ZI
e421	probeC	317.0	187.0	147.0	n/a	n/a	probeC	ZI
e422	probeC	317.0	186.0	147.0	n/a	n/a	probeC	ZI
e423	probeC	317.0	186.0	147.0	n/a	n/a	probeC	ZI
e424	probeC	317.0	186.0	146.0	n/a	n/a	probeC	ZI
e425	probeC	317.0	186.0	146.0	n/a	n/a	probeC	ZI
e426	probeC	317.0	185.0	146.0	n/a	n/a	probeC	ZI
e427	probeC	317.0	185.0	146.0	n/a	n/a	probeC	ZI
e428	probeC	318.0	184.0	146.0	n/a	n/a	probeC	ZI
e429	probeC	318.0	184.0	146.0	n/a	n/a	probeC	ZI
e430	probeC	318.0	183.0	146.0	n/a	n/a	probeC	ZI
e431	probeC	318.0	183.0	146.0	n/a	n/a	probeC	ZI
e432	probeC	318.0	182.0	146.0	n/a	n/a	probeC	ZI
e433	probeC	318.0	182.0	146.0	n/a	n/a	probeC	ZI
e434	probeC	318.0	181.0	145.0	n/a	n/a	probeC	ZI
e435	probeC	318.0	181.0	145.0	n/a	n/a	probeC	ZI
e436	probeC	318.0	180.0	145.0	n/a	n/a	probeC	ZI
e437	probeC	318.0	180.0	145.0	n/a	n/a	probeC	ZI
e438	probeC	318.0	180.0	145.0	n/a	n/a	probeC	ZI
e439	probeC	318.0	180.0	145.0	n/a	n/a	probeC	ZI
e440	probeC	318.0	178.0	144.0	n/a	n/a	probeC	ZI
e441	probeC	318.0	178.0	144.0	n/a	n/a	probeC	ZI
e442	probeC	318.0	178.0	144.0	n/a	n/a	probeC	ZI
e443	probeC	318.0	178.0	144.0	n/a	n/a	probeC	ZI
e444	probeC	319.0	177.0	144.0	n/a	n/a	probeC	ZI
e445	probeC	319.0	177.0	144.0	n/a	n/a	probeC	ZI
e446	probeC	319.0	176.0	144.0	n/a	n/a	probeC	ZI
e447	probeC	319.0	176.0	144.0	n/a	n/a	probeC	ZI
e448	probeC	319.0	175.0	144.0	n/a	n/a	probeC	ZI
e449	probeC	319.0	175.0	144.0	n/a	n/a	probeC	ZI
e450	probeC	319.0	174.0	143.0	n/a	n/a	probeC	ZI
e451	probeC	319.0	174.0	143.0	n/a	n/a	probeC	ZI
e452	probeC	319.0	173.0	143.0	n/a	n/a	probeC	ZI
e453	probeC	319.0	173.0	143.0	n/a	n/a	probeC	ZI
e454	probeC	319.0	172.0	143.0	n/a	n/a	probeC	ZI
e455	probeC	319.0	172.0	143.0	n/a	n/a	probeC	ZI
e456	probeC	320.0	172.0	143.0	n/a	n/a	probeC	ZI
e457	probeC	320.0	172.0	143.0	n/a	n/a	probeC	ZI
e458	probeC	320.0	171.0	142.0	n/a	n/a	probeC	TH
e459	probeC	320.0	171.0	142.0	n/a	n/a	probeC	TH
e460	probeC	320.0	170.0	142.0	n/a	n/a	probeC	TH
e461	probeC	320.0	170.0	142.0	n/a	n/a	probeC	TH
e462	probeC	320.0	169.0	142.0	n/a	n/a	probeC	TH
e463	probeC	320.0	169.0	142.0	n/a	n/a	probeC	TH
e464	probeC	320.0	168.0	142.0	n/a	n/a	probeC	MGm
e465	probeC	320.0	168.0	142.0	n/a	n/a	probeC	MGm
e466	probeC	320.0	167.0	142.0	n/a	n/a	probeC	MGm
e467	probeC	320.0	167.0	142.0	n/a	n/a	probeC	MGm
e468	probeC	320.0	166.0	141.0	n/a	n/a	probeC	MGm
e469	probeC	320.0	166.0	141.0	n/a	n/a	probeC	MGm
e470	probeC	320.0	165.0	141.0	n/a	n/a	probeC	MGm
e471	probeC	320.0	165.0	141.0	n/a	n/a	probeC	MGm
e472	probeC	321.0	164.0	141.0	n/a	n/a	probeC	MGm
e473	probeC	321.0	164.0	141.0	n/a	n/a	probeC	MGm
e474	probeC	321.0	164.0	141.0	n/a	n/a	probeC	MGm
e475	probeC	321.0	164.0	141.0	n/a	n/a	probeC	MGm
e476	probeC	321.0	163.0	140.0	n/a	n/a	probeC	MGm
e477	probeC	321.0	163.0	140.0	n/a	n/a	probeC	MGm
e478	probeC	321.0	162.0	140.0	n/a	n/a	probeC	MGm
e479	probeC	321.0	162.0	140.0	n/a	n/a	probeC	MGm
e480	probeC	321.0	161.0	140.0	n/a	n/a	probeC	MGv
e481	probeC	321.0	161.0	140.0	n/a	n/a	probeC	MGv
e482	probeC	322.0	160.0	140.0	n/a	n/a	probeC	MGv
e483	probeC	322.0	160.0	140.0	n/a	n/a	probeC	MGv
e484	probeC	322.0	159.0	140.0	n/a	n/a	probeC	MGv
e485	probeC	322.0	159.0	140.0	n/a	n/a	probeC	MGv
e486	probeC	322.0	158.0	139.0	n/a	n/a	probeC	MGv
e487	probeC	322.0	158.0	139.0	n/a	n/a	probeC	MGv
e488	probeC	322.0	158.0	139.0	n/a	n/a	probeC	MGv
e489	probeC	322.0	158.0	139.0	n/a	n/a	probeC	MGv
e490	probeC	322.0	156.0	139.0	n/a	n/a	probeC	MGv
e491	probeC	322.0	156.0	139.0	n/a	n/a	probeC	MGv
e492	probeC	322.0	156.0	138.0	n/a	n/a	probeC	MGv
e493	probeC	322.0	156.0	138.0	n/a	n/a	probeC	MGv
e494	probeC	322.0	155.0	138.0	n/a	n/a	probeC	MGv
e495	probeC	322.0	155.0	138.0	n/a	n/a	probeC	MGv
e496	probeC	322.0	154.0	138.0	n/a	n/a	probeC	MGv
e497	probeC	322.0	154.0	138.0	n/a	n/a	probeC	MGv
e498	probeC	323.0	153.0	138.0	n/a	n/a	probeC	MGv
e499	probeC	323.0	153.0	138.0	n/a	n/a	probeC	MGv
e500	probeC	323.0	152.0	138.0	n/a	n/a	probeC	MGv
e501	probeC	323.0	152.0	138.0	n/a	n/a	probeC	MGv
e502	probeC	323.0	151.0	137.0	n/a	n/a	probeC	MGv
e503	probeC	323.0	151.0	137.0	n/a	n/a	probeC	MGv
e504	probeC	323.0	150.0	137.0	n/a	n/a	probeC	MGv
e505	probeC	323.0	150.0	137.0	n/a	n/a	probeC	MGv
e506	probeC	323.0	150.0	137.0	n/a	n/a	probeC	MGv
e507	probeC	323.0	150.0	137.0	n/a	n/a	probeC	MGv
e508	probeC	323.0	149.0	137.0	n/a	n/a	probeC	MGv
e509	probeC	323.0	149.0	137.0	n/a	n/a	probeC	MGv
e510	probeC	324.0	148.0	136.0	n/a	n/a	probeC	MGv
e511	probeC	324.0	148.0	136.0	n/a	n/a	probeC	MGv
e512	probeC	324.0	147.0	136.0	n/a	n/a	probeC	MGv
e513	probeC	324.0	147.0	136.0	n/a	n/a	probeC	MGv
e514	probeC	324.0	146.0	136.0	n/a	n/a	probeC	MGv
e515	probeC	324.0	146.0	136.0	n/a	n/a	probeC	MGv
e516	probeC	324.0	145.0	136.0	n/a	n/a	probeC	MGd
e517	probeC	324.0	145.0	136.0	n/a	n/a	probeC	MGd
e518	probeC	324.0	144.0	136.0	n/a	n/a	probeC	MGd
e519	probeC	324.0	144.0	136.0	n/a	n/a	probeC	MGd
e520	probeC	324.0	143.0	135.0	n/a	n/a	probeC	MGd
e521	probeC	324.0	143.0	135.0	n/a	n/a	probeC	MGd
e522	probeC	324.0	142.0	135.0	n/a	n/a	probeC	MGd
e523	probeC	324.0	142.0	135.0	n/a	n/a	probeC	MGd
e524	probeC	324.0	142.0	135.0	n/a	n/a	probeC	LGd-co
e525	probeC	324.0	142.0	135.0	n/a	n/a	probeC	LGd-co
e526	probeC	325.0	141.0	134.0	n/a	n/a	probeC	LGd-sh
e527	probeC	325.0	141.0	134.0	n/a	n/a	probeC	LGd-sh
e528	probeC	325.0	140.0	134.0	n/a	n/a	probeC	LGd-sh
e529	probeC	325.0	140.0	134.0	n/a	n/a	probeC	LGd-sh
e530	probeC	325.0	139.0	134.0	n/a	n/a	probeC	LGd-sh
e531	probeC	325.0	139.0	134.0	n/a	n/a	probeC	LGd-sh
e532	probeC	325.0	138.0	134.0	n/a	n/a	probeC	LGd-sh
e533	probeC	325.0	138.0	134.0	n/a	n/a	probeC	LGd-sh
e534	probeC	325.0	137.0	134.0	n/a	n/a	probeC	LGd-sh
e535	probeC	325.0	137.0	134.0	n/a	n/a	probeC	LGd-sh
e536	probeC	326.0	136.0	133.0	n/a	n/a	probeC	LGd-sh
e537	probeC	326.0	136.0	133.0	n/a	n/a	probeC	LGd-sh
e538	probeC	326.0	136.0	133.0	n/a	n/a	probeC	LGd-sh
e539	probeC	326.0	136.0	133.0	n/a	n/a	probeC	LGd-sh
e540	probeC	326.0	134.0	133.0	n/a	n/a	probeC	LGd-sh
e541	probeC	326.0	134.0	133.0	n/a	n/a	probeC	LGd-sh
e542	probeC	326.0	134.0	133.0	n/a	n/a	probeC	LGd-sh
e543	probeC	326.0	134.0	133.0	n/a	n/a	probeC	LGd-sh
e544	probeC	326.0	133.0	132.0	n/a	n/a	probeC	TH
e545	probeC	326.0	133.0	132.0	n/a	n/a	probeC	TH
e546	probeC	326.0	132.0	132.0	n/a	n/a	probeC	TH
e547	probeC	326.0	132.0	132.0	n/a	n/a	probeC	TH
e548	probeC	326.0	131.0	132.0	n/a	n/a	probeC	bsc
e549	probeC	326.0	131.0	132.0	n/a	n/a	probeC	bsc
e550	probeC	326.0	130.0	132.0	n/a	n/a	probeC	bsc
e551	probeC	326.0	130.0	132.0	n/a	n/a	probeC	bsc
e552	probeC	327.0	129.0	132.0	n/a	n/a	probeC	fiber tracts
e553	probeC	327.0	129.0	132.0	n/a	n/a	probeC	fiber tracts
e554	probeC	327.0	128.0	131.0	n/a	n/a	probeC	fiber tracts
e555	probeC	327.0	128.0	131.0	n/a	n/a	probeC	fiber tracts
e556	probeC	327.0	128.0	131.0	n/a	n/a	probeC	DG-mo
e557	probeC	327.0	128.0	131.0	n/a	n/a	probeC	DG-mo
e558	probeC	327.0	127.0	131.0	n/a	n/a	probeC	DG-mo
e559	probeC	327.0	127.0	131.0	n/a	n/a	probeC	DG-mo
e560	probeC	327.0	126.0	130.0	n/a	n/a	probeC	DG-mo
e561	probeC	327.0	126.0	130.0	n/a	n/a	probeC	DG-mo
e562	probeC	328.0	125.0	130.0	n/a	n/a	probeC	DG-mo
e563	probeC	328.0	125.0	130.0	n/a	n/a	probeC	DG-mo
e564	probeC	328.0	124.0	130.0	n/a	n/a	probeC	DG-mo
e565	probeC	328.0	124.0	130.0	n/a	n/a	probeC	DG-mo
e566	probeC	328.0	123.0	130.0	n/a	n/a	probeC	DG-mo
e567	probeC	328.0	123.0	130.0	n/a	n/a	probeC	DG-mo
e568	probeC	328.0	122.0	130.0	n/a	n/a	probeC	DG-mo
e569	probeC	328.0	122.0	130.0	n/a	n/a	probeC	DG-mo
e570	probeC	328.0	121.0	130.0	n/a	n/a	probeC	DG-sg
e571	probeC	328.0	121.0	130.0	n/a	n/a	probeC	DG-sg
e572	probeC	328.0	120.0	129.0	n/a	n/a	probeC	DG-sg
e573	probeC	328.0	120.0	129.0	n/a	n/a	probeC	DG-sg
e574	probeC	328.0	120.0	129.0	n/a	n/a	probeC	DG-sg
e575	probeC	328.0	120.0	129.0	n/a	n/a	probeC	DG-sg
e576	probeC	328.0	119.0	129.0	n/a	n/a	probeC	DG-sg
e577	probeC	328.0	119.0	129.0	n/a	n/a	probeC	DG-sg
e578	probeC	329.0	118.0	128.0	n/a	n/a	probeC	CA3
e579	probeC	329.0	118.0	128.0	n/a	n/a	probeC	CA3
e580	probeC	329.0	117.0	128.0	n/a	n/a	probeC	CA3
e581	probeC	329.0	117.0	128.0	n/a	n/a	probeC	CA3
e582	probeC	329.0	116.0	128.0	n/a	n/a	probeC	DG-po
e583	probeC	329.0	116.0	128.0	n/a	n/a	probeC	DG-po
e584	probeC	329.0	115.0	128.0	n/a	n/a	probeC	DG-po
e585	probeC	329.0	115.0	128.0	n/a	n/a	probeC	DG-po
e586	probeC	329.0	114.0	128.0	n/a	n/a	probeC	DG-po
e587	probeC	329.0	114.0	128.0	n/a	n/a	probeC	DG-po
e588	probeC	329.0	114.0	127.0	n/a	n/a	probeC	DG-po
e589	probeC	329.0	114.0	127.0	n/a	n/a	probeC	DG-po
e590	probeC	330.0	112.0	127.0	n/a	n/a	probeC	DG-po
e591	probeC	330.0	112.0	127.0	n/a	n/a	probeC	DG-po
e592	probeC	330.0	112.0	127.0	n/a	n/a	probeC	DG-po
e593	probeC	330.0	112.0	127.0	n/a	n/a	probeC	DG-po
e594	probeC	330.0	111.0	126.0	n/a	n/a	probeC	DG-po
e595	probeC	330.0	111.0	126.0	n/a	n/a	probeC	DG-po
e596	probeC	330.0	110.0	126.0	n/a	n/a	probeC	DG-sg
e597	probeC	330.0	110.0	126.0	n/a	n/a	probeC	DG-sg
e598	probeC	330.0	109.0	126.0	n/a	n/a	probeC	DG-sg
e599	probeC	330.0	109.0	126.0	n/a	n/a	probeC	DG-sg
e600	probeC	330.0	108.0	126.0	n/a	n/a	probeC	DG-sg
e601	probeC	330.0	108.0	126.0	n/a	n/a	probeC	DG-sg
e602	probeC	330.0	107.0	126.0	n/a	n/a	probeC	DG-sg
e603	probeC	330.0	107.0	126.0	n/a	n/a	probeC	DG-sg
e604	probeC	330.0	106.0	126.0	n/a	n/a	probeC	DG-mo
e605	probeC	330.0	106.0	126.0	n/a	n/a	probeC	DG-mo
e606	probeC	331.0	106.0	125.0	n/a	n/a	probeC	DG-mo
e607	probeC	331.0	106.0	125.0	n/a	n/a	probeC	DG-mo
e608	probeC	331.0	105.0	125.0	n/a	n/a	probeC	DG-mo
e609	probeC	331.0	105.0	125.0	n/a	n/a	probeC	DG-mo
e610	probeC	331.0	104.0	125.0	n/a	n/a	probeC	DG-mo
e611	probeC	331.0	104.0	125.0	n/a	n/a	probeC	DG-mo
e612	probeC	331.0	103.0	124.0	n/a	n/a	probeC	DG-mo
e613	probeC	331.0	103.0	124.0	n/a	n/a	probeC	DG-mo
e614	probeC	331.0	102.0	124.0	n/a	n/a	probeC	DG-mo
e615	probeC	331.0	102.0	124.0	n/a	n/a	probeC	DG-mo
e616	probeC	332.0	101.0	124.0	n/a	n/a	probeC	DG-mo
e617	probeC	332.0	101.0	124.0	n/a	n/a	probeC	DG-mo
e618	probeC	332.0	100.0	124.0	n/a	n/a	probeC	DG-mo
e619	probeC	332.0	100.0	124.0	n/a	n/a	probeC	DG-mo
e620	probeC	332.0	99.0	124.0	n/a	n/a	probeC	DG-mo
e621	probeC	332.0	99.0	124.0	n/a	n/a	probeC	DG-mo
e622	probeC	332.0	98.0	123.0	n/a	n/a	probeC	DG-mo
e623	probeC	332.0	98.0	123.0	n/a	n/a	probeC	DG-mo
e624	probeC	332.0	98.0	123.0	n/a	n/a	probeC	CA1
e625	probeC	332.0	98.0	123.0	n/a	n/a	probeC	CA1
e626	probeC	332.0	97.0	123.0	n/a	n/a	probeC	CA1
e627	probeC	332.0	97.0	123.0	n/a	n/a	probeC	CA1
e628	probeC	332.0	96.0	123.0	n/a	n/a	probeC	CA1
e629	probeC	332.0	96.0	123.0	n/a	n/a	probeC	CA1
e630	probeC	332.0	95.0	122.0	n/a	n/a	probeC	CA1
e631	probeC	332.0	95.0	122.0	n/a	n/a	probeC	CA1
e632	probeC	333.0	94.0	122.0	n/a	n/a	probeC	CA1
e633	probeC	333.0	94.0	122.0	n/a	n/a	probeC	CA1
e634	probeC	333.0	93.0	122.0	n/a	n/a	probeC	CA1
e635	probeC	333.0	93.0	122.0	n/a	n/a	probeC	CA1
e636	probeC	333.0	92.0	122.0	n/a	n/a	probeC	CA1
e637	probeC	333.0	92.0	122.0	n/a	n/a	probeC	CA1
e638	probeC	333.0	92.0	122.0	n/a	n/a	probeC	CA1
e639	probeC	333.0	92.0	122.0	n/a	n/a	probeC	CA1
e640	probeC	333.0	90.0	121.0	n/a	n/a	probeC	CA1
e641	probeC	333.0	90.0	121.0	n/a	n/a	probeC	CA1
e642	probeC	333.0	90.0	121.0	n/a	n/a	probeC	CA1
e643	probeC	333.0	90.0	121.0	n/a	n/a	probeC	CA1
e644	probeC	334.0	89.0	121.0	n/a	n/a	probeC	CA1
e645	probeC	334.0	89.0	121.0	n/a	n/a	probeC	CA1
e646	probeC	334.0	88.0	120.0	n/a	n/a	probeC	CA1
e647	probeC	334.0	88.0	120.0	n/a	n/a	probeC	CA1
e648	probeC	334.0	87.0	120.0	n/a	n/a	probeC	CA1
e649	probeC	334.0	87.0	120.0	n/a	n/a	probeC	CA1
e650	probeC	334.0	86.0	120.0	n/a	n/a	probeC	CA1
e651	probeC	334.0	86.0	120.0	n/a	n/a	probeC	CA1
e652	probeC	334.0	85.0	120.0	n/a	n/a	probeC	CA1
e653	probeC	334.0	85.0	120.0	n/a	n/a	probeC	CA1
e654	probeC	334.0	84.0	120.0	n/a	n/a	probeC	CA1
e655	probeC	334.0	84.0	120.0	n/a	n/a	probeC	CA1
e656	probeC	334.0	84.0	119.0	n/a	n/a	probeC	CA1
e657	probeC	334.0	84.0	119.0	n/a	n/a	probeC	CA1
e658	probeC	334.0	83.0	119.0	n/a	n/a	probeC	CA1
e659	probeC	334.0	83.0	119.0	n/a	n/a	probeC	CA1
e660	probeC	335.0	82.0	119.0	n/a	n/a	probeC	CA1
e661	probeC	335.0	82.0	119.0	n/a	n/a	probeC	CA1
e662	probeC	335.0	81.0	119.0	n/a	n/a	probeC	CA1
e663	probeC	335.0	81.0	119.0	n/a	n/a	probeC	CA1
e664	probeC	335.0	80.0	118.0	n/a	n/a	probeC	CA1
e665	probeC	335.0	80.0	118.0	n/a	n/a	probeC	CA1
e666	probeC	335.0	79.0	118.0	n/a	n/a	probeC	CA1
e667	probeC	335.0	79.0	118.0	n/a	n/a	probeC	CA1
e668	probeC	335.0	78.0	118.0	n/a	n/a	probeC	CA1
e669	probeC	335.0	78.0	118.0	n/a	n/a	probeC	CA1
e670	probeC	336.0	77.0	118.0	n/a	n/a	probeC	CA1
e671	probeC	336.0	77.0	118.0	n/a	n/a	probeC	CA1
e672	probeC	336.0	76.0	118.0	n/a	n/a	probeC	CA1
e673	probeC	336.0	76.0	118.0	n/a	n/a	probeC	CA1
e674	probeC	336.0	76.0	117.0	n/a	n/a	probeC	CA1
e675	probeC	336.0	76.0	117.0	n/a	n/a	probeC	CA1
e676	probeC	336.0	75.0	117.0	n/a	n/a	probeC	CA1
e677	probeC	336.0	75.0	117.0	n/a	n/a	probeC	CA1
e678	probeC	336.0	74.0	117.0	n/a	n/a	probeC	alv
e679	probeC	336.0	74.0	117.0	n/a	n/a	probeC	alv
e680	probeC	336.0	73.0	116.0	n/a	n/a	probeC	fp
e681	probeC	336.0	73.0	116.0	n/a	n/a	probeC	fp
e682	probeC	336.0	72.0	116.0	n/a	n/a	probeC	fp
e683	probeC	336.0	72.0	116.0	n/a	n/a	probeC	fp
e684	probeC	336.0	71.0	116.0	n/a	n/a	probeC	fp
e685	probeC	336.0	71.0	116.0	n/a	n/a	probeC	fp
e686	probeC	337.0	70.0	116.0	n/a	n/a	probeC	fp
e687	probeC	337.0	70.0	116.0	n/a	n/a	probeC	fp
e688	probeC	337.0	70.0	116.0	n/a	n/a	probeC	fp
e689	probeC	337.0	70.0	116.0	n/a	n/a	probeC	fp
e690	probeC	337.0	68.0	115.0	n/a	n/a	probeC	or
e691	probeC	337.0	68.0	115.0	n/a	n/a	probeC	or
e692	probeC	337.0	68.0	115.0	n/a	n/a	probeC	or
e693	probeC	337.0	68.0	115.0	n/a	n/a	probeC	or
e694	probeC	337.0	67.0	115.0	n/a	n/a	probeC	or
e695	probeC	337.0	67.0	115.0	n/a	n/a	probeC	or
e696	probeC	337.0	66.0	115.0	n/a	n/a	probeC	VISp
e697	probeC	337.0	66.0	115.0	n/a	n/a	probeC	VISp
e698	probeC	338.0	65.0	114.0	n/a	n/a	probeC	VISp
e699	probeC	338.0	65.0	114.0	n/a	n/a	probeC	VISp
e700	probeC	338.0	64.0	114.0	n/a	n/a	probeC	VISp
e701	probeC	338.0	64.0	114.0	n/a	n/a	probeC	VISp
e702	probeC	338.0	63.0	114.0	n/a	n/a	probeC	VISp
e703	probeC	338.0	63.0	114.0	n/a	n/a	probeC	VISp
e704	probeC	338.0	62.0	114.0	n/a	n/a	probeC	VISp
e705	probeC	338.0	62.0	114.0	n/a	n/a	probeC	VISp
e706	probeC	338.0	62.0	114.0	n/a	n/a	probeC	VISp
e707	probeC	338.0	62.0	114.0	n/a	n/a	probeC	VISp
e708	probeC	338.0	61.0	113.0	n/a	n/a	probeC	VISp
e709	probeC	338.0	61.0	113.0	n/a	n/a	probeC	VISp
e710	probeC	338.0	60.0	113.0	n/a	n/a	probeC	VISp
e711	probeC	338.0	60.0	113.0	n/a	n/a	probeC	VISp
e712	probeC	338.0	59.0	113.0	n/a	n/a	probeC	VISp
e713	probeC	338.0	59.0	113.0	n/a	n/a	probeC	VISp
e714	probeC	339.0	58.0	113.0	n/a	n/a	probeC	VISp
e715	probeC	339.0	58.0	113.0	n/a	n/a	probeC	VISp
e716	probeC	339.0	57.0	112.0	n/a	n/a	probeC	VISp
e717	probeC	339.0	57.0	112.0	n/a	n/a	probeC	VISp
e718	probeC	339.0	56.0	112.0	n/a	n/a	probeC	VISp
e719	probeC	339.0	56.0	112.0	n/a	n/a	probeC	VISp
e720	probeC	339.0	55.0	112.0	n/a	n/a	probeC	VISp
e721	probeC	339.0	55.0	112.0	n/a	n/a	probeC	VISp
e722	probeC	339.0	54.0	112.0	n/a	n/a	probeC	VISp
e723	probeC	339.0	54.0	112.0	n/a	n/a	probeC	VISp
e724	probeC	340.0	54.0	112.0	n/a	n/a	probeC	VISp
e725	probeC	340.0	54.0	112.0	n/a	n/a	probeC	VISp
e726	probeC	340.0	53.0	111.0	n/a	n/a	probeC	VISp
e727	probeC	340.0	53.0	111.0	n/a	n/a	probeC	VISp
e728	probeC	340.0	52.0	111.0	n/a	n/a	probeC	VISp
e729	probeC	340.0	52.0	111.0	n/a	n/a	probeC	VISp
e730	probeC	340.0	51.0	111.0	n/a	n/a	probeC	VISp
e731	probeC	340.0	51.0	111.0	n/a	n/a	probeC	VISp
e732	probeC	340.0	50.0	110.0	n/a	n/a	probeC	VISp
e733	probeC	340.0	50.0	110.0	n/a	n/a	probeC	VISp
e734	probeC	340.0	49.0	110.0	n/a	n/a	probeC	VISp
e735	probeC	340.0	49.0	110.0	n/a	n/a	probeC	VISp
e736	probeC	340.0	48.0	110.0	n/a	n/a	probeC	VISp
e737	probeC	340.0	48.0	110.0	n/a	n/a	probeC	VISp
e738	probeC	340.0	48.0	110.0	n/a	n/a	probeC	VISp
e739	probeC	340.0	48.0	110.0	n/a	n/a	probeC	VISp
e740	probeC	341.0	46.0	110.0	n/a	n/a	probeC	VISp
e741	probeC	341.0	46.0	110.0	n/a	n/a	probeC	VISp
e742	probeC	341.0	46.0	109.0	n/a	n/a	probeC	VISp
e743	probeC	341.0	46.0	109.0	n/a	n/a	probeC	VISp
e744	probeC	341.0	45.0	109.0	n/a	n/a	probeC	VISp
e745	probeC	341.0	45.0	109.0	n/a	n/a	probeC	VISp
e746	probeC	341.0	44.0	109.0	n/a	n/a	probeC	VISp
e747	probeC	341.0	44.0	109.0	n/a	n/a	probeC	VISp
e748	probeC	341.0	43.0	109.0	n/a	n/a	probeC	VISp
e749	probeC	341.0	43.0	109.0	n/a	n/a	probeC	VISp
e750	probeC	342.0	42.0	108.0	n/a	n/a	probeC	VISp
e751	probeC	342.0	42.0	108.0	n/a	n/a	probeC	VISp
e752	probeC	342.0	41.0	108.0	n/a	n/a	probeC	VISp
e753	probeC	342.0	41.0	108.0	n/a	n/a	probeC	VISp
e754	probeC	342.0	40.0	108.0	n/a	n/a	probeC	VISp
e755	probeC	342.0	40.0	108.0	n/a	n/a	probeC	VISp
e756	probeC	342.0	40.0	108.0	n/a	n/a	probeC	VISp
e757	probeC	342.0	40.0	108.0	n/a	n/a	probeC	VISp
e758	probeC	342.0	39.0	108.0	n/a	n/a	probeC	VISp
e759	probeC	342.0	39.0	108.0	n/a	n/a	probeC	VISp
e760	probeC	342.0	38.0	107.0	n/a	n/a	probeC	VISp
e761	probeC	342.0	38.0	107.0	n/a	n/a	probeC	VISp
e762	probeC	342.0	37.0	107.0	n/a	n/a	probeC	VISp
e763	probeC	342.0	37.0	107.0	n/a	n/a	probeC	VISp
e764	probeC	342.0	36.0	107.0	n/a	n/a	probeC	VISp
e765	probeC	342.0	36.0	107.0	n/a	n/a	probeC	VISp
e766	probeC	343.0	35.0	106.0	n/a	n/a	probeC	VISp
e767	probeC	343.0	35.0	106.0	n/a	n/a	probeC	VISp
e768	probeC	343.0	34.0	106.0	n/a	n/a	probeC	VISp
e769	probeC	343.0	34.0	106.0	n/a	n/a	probeC	VISp
e770	probeC	343.0	33.0	106.0	n/a	n/a	probeC	VISp
e771	probeC	343.0	33.0	106.0	n/a	n/a	probeC	VISp
e772	probeC	343.0	32.0	106.0	n/a	n/a	probeC	VISp
e773	probeC	343.0	32.0	106.0	n/a	n/a	probeC	VISp
e774	probeC	343.0	32.0	106.0	n/a	n/a	probeC	VISp
e775	probeC	343.0	32.0	106.0	n/a	n/a	probeC	VISp
e776	probeC	343.0	31.0	105.0	n/a	n/a	probeC	none
e777	probeC	343.0	31.0	105.0	n/a	n/a	probeC	none
e778	probeC	344.0	30.0	105.0	n/a	n/a	probeC	none
e779	probeC	344.0	30.0	105.0	n/a	n/a	probeC	none
e780	probeC	344.0	29.0	105.0	n/a	n/a	probeC	none
e781	probeC	344.0	29.0	105.0	n/a	n/a	probeC	none
e782	probeC	344.0	28.0	105.0	n/a	n/a	probeC	none
e783	probeC	344.0	28.0	105.0	n/a	n/a	probeC	none
e784	probeC	344.0	27.0	104.0	n/a	n/a	probeC	none
e785	probeC	344.0	27.0	104.0	n/a	n/a	probeC	none
e786	probeC	344.0	26.0	104.0	n/a	n/a	probeC	none
e787	probeC	344.0	26.0	104.0	n/a	n/a	probeC	none
e788	probeC	344.0	26.0	104.0	n/a	n/a	probeC	none
e789	probeC	344.0	26.0	104.0	n/a	n/a	probeC	none
e790	probeC	344.0	24.0	104.0	n/a	n/a	probeC	none
e791	probeC	344.0	24.0	104.0	n/a	n/a	probeC	none
e792	probeC	344.0	24.0	104.0	n/a	n/a	probeC	none
e793	probeC	344.0	24.0	104.0	n/a	n/a	probeC	none
e794	probeC	345.0	23.0	103.0	n/a	n/a	probeC	none
e795	probeC	345.0	23.0	103.0	n/a	n/a	probeC	none
e796	probeC	345.0	22.0	103.0	n/a	n/a	probeC	none
e797	probeC	345.0	22.0	103.0	n/a	n/a	probeC	none
e798	probeF	177.0	133.0	229.0	n/a	n/a	probeF	ccg
e799	probeF	177.0	133.0	229.0	n/a	n/a	probeF	ccg
e800	probeF	177.0	132.0	229.0	n/a	n/a	probeF	ccg
e801	probeF	177.0	132.0	229.0	n/a	n/a	probeF	ccg
e802	probeF	176.0	132.0	228.0	n/a	n/a	probeF	ccg
e803	probeF	176.0	132.0	228.0	n/a	n/a	probeF	ccg
e804	probeF	176.0	131.0	228.0	n/a	n/a	probeF	ccg
e805	probeF	176.0	131.0	228.0	n/a	n/a	probeF	ccg
e806	probeF	176.0	130.0	227.0	n/a	n/a	probeF	ccg
e807	probeF	176.0	130.0	227.0	n/a	n/a	probeF	ccg
e808	probeF	176.0	129.0	227.0	n/a	n/a	probeF	IG
e809	probeF	176.0	129.0	227.0	n/a	n/a	probeF	IG
e810	probeF	176.0	128.0	226.0	n/a	n/a	probeF	IG
e811	probeF	176.0	128.0	226.0	n/a	n/a	probeF	IG
e812	probeF	176.0	127.0	226.0	n/a	n/a	probeF	IG
e813	probeF	176.0	127.0	226.0	n/a	n/a	probeF	IG
e814	probeF	176.0	126.0	225.0	n/a	n/a	probeF	IG
e815	probeF	176.0	126.0	225.0	n/a	n/a	probeF	IG
e816	probeF	176.0	126.0	225.0	n/a	n/a	probeF	IG
e817	probeF	176.0	126.0	225.0	n/a	n/a	probeF	IG
e818	probeF	176.0	125.0	224.0	n/a	n/a	probeF	IG
e819	probeF	176.0	125.0	224.0	n/a	n/a	probeF	IG
e820	probeF	176.0	124.0	224.0	n/a	n/a	probeF	IG
e821	probeF	176.0	124.0	224.0	n/a	n/a	probeF	IG
e822	probeF	176.0	123.0	223.0	n/a	n/a	probeF	IG
e823	probeF	176.0	123.0	223.0	n/a	n/a	probeF	IG
e824	probeF	175.0	122.0	223.0	n/a	n/a	probeF	IG
e825	probeF	175.0	122.0	223.0	n/a	n/a	probeF	IG
e826	probeF	175.0	122.0	222.0	n/a	n/a	probeF	ACAv
e827	probeF	175.0	122.0	222.0	n/a	n/a	probeF	ACAv
e828	probeF	175.0	120.0	222.0	n/a	n/a	probeF	ACAv
e829	probeF	175.0	120.0	222.0	n/a	n/a	probeF	ACAv
e830	probeF	175.0	120.0	221.0	n/a	n/a	probeF	ACAv
e831	probeF	175.0	120.0	221.0	n/a	n/a	probeF	ACAv
e832	probeF	175.0	119.0	221.0	n/a	n/a	probeF	ACAv
e833	probeF	175.0	119.0	221.0	n/a	n/a	probeF	ACAv
e834	probeF	175.0	118.0	220.0	n/a	n/a	probeF	ACAv
e835	probeF	175.0	118.0	220.0	n/a	n/a	probeF	ACAv
e836	probeF	175.0	117.0	220.0	n/a	n/a	probeF	ACAv
e837	probeF	175.0	117.0	220.0	n/a	n/a	probeF	ACAv
e838	probeF	174.0	116.0	219.0	n/a	n/a	probeF	ACAv
e839	probeF	174.0	116.0	219.0	n/a	n/a	probeF	ACAv
e840	probeF	174.0	116.0	219.0	n/a	n/a	probeF	ACAv
e841	probeF	174.0	116.0	219.0	n/a	n/a	probeF	ACAv
e842	probeF	174.0	115.0	218.0	n/a	n/a	probeF	ACAv
e843	probeF	174.0	115.0	218.0	n/a	n/a	probeF	ACAv
e844	probeF	174.0	114.0	218.0	n/a	n/a	probeF	ACAv
e845	probeF	174.0	114.0	218.0	n/a	n/a	probeF	ACAv
e846	probeF	174.0	113.0	217.0	n/a	n/a	probeF	ACAv
e847	probeF	174.0	113.0	217.0	n/a	n/a	probeF	ACAv
e848	probeF	174.0	112.0	217.0	n/a	n/a	probeF	ACAv
e849	probeF	174.0	112.0	217.0	n/a	n/a	probeF	ACAv
e850	probeF	174.0	111.0	216.0	n/a	n/a	probeF	ACAv
e851	probeF	174.0	111.0	216.0	n/a	n/a	probeF	ACAv
e852	probeF	174.0	110.0	216.0	n/a	n/a	probeF	ACAv
e853	probeF	174.0	110.0	216.0	n/a	n/a	probeF	ACAv
e854	probeF	174.0	110.0	215.0	n/a	n/a	probeF	ACAv
e855	probeF	174.0	110.0	215.0	n/a	n/a	probeF	ACAv
e856	probeF	174.0	109.0	215.0	n/a	n/a	probeF	ACAv
e857	probeF	174.0	109.0	215.0	n/a	n/a	probeF	ACAv
e858	probeF	174.0	108.0	214.0	n/a	n/a	probeF	ACAv
e859	probeF	174.0	108.0	214.0	n/a	n/a	probeF	ACAv
e860	probeF	173.0	107.0	214.0	n/a	n/a	probeF	ACAv
e861	probeF	173.0	107.0	214.0	n/a	n/a	probeF	ACAv
e862	probeF	173.0	106.0	213.0	n/a	n/a	probeF	ACAv
e863	probeF	173.0	106.0	213.0	n/a	n/a	probeF	ACAv
e864	probeF	173.0	106.0	213.0	n/a	n/a	probeF	ACAv
e865	probeF	173.0	106.0	213.0	n/a	n/a	probeF	ACAv
e866	probeF	173.0	104.0	212.0	n/a	n/a	probeF	ACAv
e867	probeF	173.0	104.0	212.0	n/a	n/a	probeF	ACAv
e868	probeF	173.0	104.0	212.0	n/a	n/a	probeF	ACAv
e869	probeF	173.0	104.0	212.0	n/a	n/a	probeF	ACAv
e870	probeF	173.0	103.0	211.0	n/a	n/a	probeF	ACAv
e871	probeF	173.0	103.0	211.0	n/a	n/a	probeF	ACAv
e872	probeF	173.0	102.0	210.0	n/a	n/a	probeF	ACAv
e873	probeF	173.0	102.0	210.0	n/a	n/a	probeF	ACAv
e874	probeF	173.0	101.0	210.0	n/a	n/a	probeF	ACAv
e875	probeF	173.0	101.0	210.0	n/a	n/a	probeF	ACAv
e876	probeF	172.0	100.0	210.0	n/a	n/a	probeF	ACAv
e877	probeF	172.0	100.0	210.0	n/a	n/a	probeF	ACAv
e878	probeF	172.0	100.0	209.0	n/a	n/a	probeF	ACAv
e879	probeF	172.0	100.0	209.0	n/a	n/a	probeF	ACAv
e880	probeF	172.0	99.0	208.0	n/a	n/a	probeF	ACAv
e881	probeF	172.0	99.0	208.0	n/a	n/a	probeF	ACAv
e882	probeF	172.0	98.0	208.0	n/a	n/a	probeF	ACAv
e883	probeF	172.0	98.0	208.0	n/a	n/a	probeF	ACAv
e884	probeF	172.0	97.0	208.0	n/a	n/a	probeF	ACAv
e885	probeF	172.0	97.0	208.0	n/a	n/a	probeF	ACAv
e886	probeF	172.0	96.0	207.0	n/a	n/a	probeF	ACAv
e887	probeF	172.0	96.0	207.0	n/a	n/a	probeF	ACAv
e888	probeF	172.0	95.0	206.0	n/a	n/a	probeF	ACAd
e889	probeF	172.0	95.0	206.0	n/a	n/a	probeF	ACAd
e890	probeF	172.0	94.0	206.0	n/a	n/a	probeF	ACAd
e891	probeF	172.0	94.0	206.0	n/a	n/a	probeF	ACAd
e892	probeF	172.0	94.0	206.0	n/a	n/a	probeF	ACAd
e893	probeF	172.0	94.0	206.0	n/a	n/a	probeF	ACAd
e894	probeF	172.0	93.0	205.0	n/a	n/a	probeF	ACAd
e895	probeF	172.0	93.0	205.0	n/a	n/a	probeF	ACAd
e896	probeF	171.0	92.0	204.0	n/a	n/a	probeF	ACAd
e897	probeF	171.0	92.0	204.0	n/a	n/a	probeF	ACAd
e898	probeF	171.0	91.0	204.0	n/a	n/a	probeF	ACAd
e899	probeF	171.0	91.0	204.0	n/a	n/a	probeF	ACAd
e900	probeF	171.0	90.0	204.0	n/a	n/a	probeF	ACAd
e901	probeF	171.0	90.0	204.0	n/a	n/a	probeF	ACAd
e902	probeF	171.0	90.0	203.0	n/a	n/a	probeF	ACAd
e903	probeF	171.0	90.0	203.0	n/a	n/a	probeF	ACAd
e904	probeF	171.0	88.0	202.0	n/a	n/a	probeF	ACAd
e905	probeF	171.0	88.0	202.0	n/a	n/a	probeF	ACAd
e906	probeF	171.0	88.0	202.0	n/a	n/a	probeF	ACAd
e907	probeF	171.0	88.0	202.0	n/a	n/a	probeF	ACAd
e908	probeF	171.0	87.0	202.0	n/a	n/a	probeF	ACAd
e909	probeF	171.0	87.0	202.0	n/a	n/a	probeF	ACAd
e910	probeF	171.0	86.0	201.0	n/a	n/a	probeF	ACAd
e911	probeF	171.0	86.0	201.0	n/a	n/a	probeF	ACAd
e912	probeF	170.0	85.0	200.0	n/a	n/a	probeF	ACAd
e913	probeF	170.0	85.0	200.0	n/a	n/a	probeF	ACAd
e914	probeF	170.0	84.0	200.0	n/a	n/a	probeF	ACAd
e915	probeF	170.0	84.0	200.0	n/a	n/a	probeF	ACAd
e916	probeF	170.0	84.0	200.0	n/a	n/a	probeF	ACAd
e917	probeF	170.0	84.0	200.0	n/a	n/a	probeF	ACAd
e918	probeF	170.0	83.0	199.0	n/a	n/a	probeF	ACAd
e919	probeF	170.0	83.0	199.0	n/a	n/a	probeF	ACAd
e920	probeF	170.0	82.0	198.0	n/a	n/a	probeF	ACAd
e921	probeF	170.0	82.0	198.0	n/a	n/a	probeF	ACAd
e922	probeF	170.0	81.0	198.0	n/a	n/a	probeF	ACAd
e923	probeF	170.0	81.0	198.0	n/a	n/a	probeF	ACAd
e924	probeF	170.0	80.0	198.0	n/a	n/a	probeF	MOs
e925	probeF	170.0	80.0	198.0	n/a	n/a	probeF	MOs
e926	probeF	170.0	79.0	197.0	n/a	n/a	probeF	MOs
e927	probeF	170.0	79.0	197.0	n/a	n/a	probeF	MOs
e928	probeF	170.0	78.0	196.0	n/a	n/a	probeF	MOs
e929	probeF	170.0	78.0	196.0	n/a	n/a	probeF	MOs
e930	probeF	170.0	78.0	196.0	n/a	n/a	probeF	MOs
e931	probeF	170.0	78.0	196.0	n/a	n/a	probeF	MOs
e932	probeF	169.0	77.0	196.0	n/a	n/a	probeF	MOs
e933	probeF	169.0	77.0	196.0	n/a	n/a	probeF	MOs
e934	probeF	169.0	76.0	195.0	n/a	n/a	probeF	MOs
e935	probeF	169.0	76.0	195.0	n/a	n/a	probeF	MOs
e936	probeF	169.0	75.0	194.0	n/a	n/a	probeF	MOs
e937	probeF	169.0	75.0	194.0	n/a	n/a	probeF	MOs
e938	probeF	169.0	74.0	194.0	n/a	n/a	probeF	MOs
e939	probeF	169.0	74.0	194.0	n/a	n/a	probeF	MOs
e940	probeF	169.0	74.0	194.0	n/a	n/a	probeF	MOs
e941	probeF	169.0	74.0	194.0	n/a	n/a	probeF	MOs
e942	probeF	169.0	72.0	193.0	n/a	n/a	probeF	MOs
e943	probeF	169.0	72.0	193.0	n/a	n/a	probeF	MOs
e944	probeF	169.0	72.0	192.0	n/a	n/a	probeF	MOs
e945	probeF	169.0	72.0	192.0	n/a	n/a	probeF	MOs
e946	probeF	169.0	71.0	192.0	n/a	n/a	probeF	MOs
e947	probeF	169.0	71.0	192.0	n/a	n/a	probeF	MOs
e948	probeF	168.0	70.0	192.0	n/a	n/a	probeF	MOs
e949	probeF	168.0	70.0	192.0	n/a	n/a	probeF	MOs
e950	probeF	168.0	69.0	191.0	n/a	n/a	probeF	MOs
e951	probeF	168.0	69.0	191.0	n/a	n/a	probeF	MOs
e952	probeF	168.0	68.0	190.0	n/a	n/a	probeF	MOs
e953	probeF	168.0	68.0	190.0	n/a	n/a	probeF	MOs
e954	probeF	168.0	68.0	190.0	n/a	n/a	probeF	MOs
e955	probeF	168.0	68.0	190.0	n/a	n/a	probeF	MOs
e956	probeF	168.0	67.0	190.0	n/a	n/a	probeF	MOs
e957	probeF	168.0	67.0	190.0	n/a	n/a	probeF	MOs
e958	probeF	168.0	66.0	189.0	n/a	n/a	probeF	MOs
e959	probeF	168.0	66.0	189.0	n/a	n/a	probeF	MOs
e960	probeF	168.0	65.0	188.0	n/a	n/a	probeF	MOs
e961	probeF	168.0	65.0	188.0	n/a	n/a	probeF	MOs
e962	probeF	168.0	64.0	188.0	n/a	n/a	probeF	MOs
e963	probeF	168.0	64.0	188.0	n/a	n/a	probeF	MOs
e964	probeF	168.0	63.0	188.0	n/a	n/a	probeF	MOs
e965	probeF	168.0	63.0	188.0	n/a	n/a	probeF	MOs
e966	probeF	168.0	62.0	187.0	n/a	n/a	probeF	MOs
e967	probeF	168.0	62.0	187.0	n/a	n/a	probeF	MOs
e968	probeF	168.0	62.0	186.0	n/a	n/a	probeF	MOs
e969	probeF	168.0	62.0	186.0	n/a	n/a	probeF	MOs
e970	probeF	167.0	61.0	186.0	n/a	n/a	probeF	MOs
e971	probeF	167.0	61.0	186.0	n/a	n/a	probeF	MOs
e972	probeF	167.0	60.0	186.0	n/a	n/a	probeF	MOs
e973	probeF	167.0	60.0	186.0	n/a	n/a	probeF	MOs
e974	probeF	167.0	59.0	185.0	n/a	n/a	probeF	MOs
e975	probeF	167.0	59.0	185.0	n/a	n/a	probeF	MOs
e976	probeF	167.0	58.0	184.0	n/a	n/a	probeF	MOs
e977	probeF	167.0	58.0	184.0	n/a	n/a	probeF	MOs
e978	probeF	167.0	58.0	184.0	n/a	n/a	probeF	MOs
e979	probeF	167.0	58.0	184.0	n/a	n/a	probeF	MOs
e980	probeF	167.0	56.0	184.0	n/a	n/a	probeF	MOs
e981	probeF	167.0	56.0	184.0	n/a	n/a	probeF	MOs
e982	probeF	167.0	56.0	183.0	n/a	n/a	probeF	MOs
e983	probeF	167.0	56.0	183.0	n/a	n/a	probeF	MOs
e984	probeF	166.0	55.0	182.0	n/a	n/a	probeF	MOs
e985	probeF	166.0	55.0	182.0	n/a	n/a	probeF	MOs
e986	probeF	166.0	54.0	182.0	n/a	n/a	probeF	MOs
e987	probeF	166.0	54.0	182.0	n/a	n/a	probeF	MOs
e988	probeF	166.0	53.0	182.0	n/a	n/a	probeF	MOs
e989	probeF	166.0	53.0	182.0	n/a	n/a	probeF	MOs
e990	probeF	166.0	52.0	181.0	n/a	n/a	probeF	MOs
e991	probeF	166.0	52.0	181.0	n/a	n/a	probeF	MOs
e992	probeF	166.0	52.0	180.0	n/a	n/a	probeF	MOs
e993	probeF	166.0	52.0	180.0	n/a	n/a	probeF	MOs
e994	probeF	166.0	51.0	180.0	n/a	n/a	probeF	MOs
e995	probeF	166.0	51.0	180.0	n/a	n/a	probeF	MOs
e996	probeF	166.0	50.0	180.0	n/a	n/a	probeF	MOs
e997	probeF	166.0	50.0	180.0	n/a	n/a	probeF	MOs
e998	probeF	166.0	49.0	179.0	n/a	n/a	probeF	MOs
e999	probeF	166.0	49.0	179.0	n/a	n/a	probeF	MOs
e1000	probeF	166.0	48.0	178.0	n/a	n/a	probeF	MOs
e1001	probeF	166.0	48.0	178.0	n/a	n/a	probeF	MOs
e1002	probeF	166.0	47.0	178.0	n/a	n/a	probeF	MOs
e1003	probeF	166.0	47.0	178.0	n/a	n/a	probeF	MOs
e1004	probeF	166.0	46.0	178.0	n/a	n/a	probeF	MOs
e1005	probeF	166.0	46.0	178.0	n/a	n/a	probeF	MOs
e1006	probeF	165.0	46.0	177.0	n/a	n/a	probeF	MOs
e1007	probeF	165.0	46.0	177.0	n/a	n/a	probeF	MOs
e1008	probeF	165.0	45.0	176.0	n/a	n/a	probeF	MOs
e1009	probeF	165.0	45.0	176.0	n/a	n/a	probeF	MOs
e1010	probeF	165.0	44.0	176.0	n/a	n/a	probeF	none
e1011	probeF	165.0	44.0	176.0	n/a	n/a	probeF	none
e1012	probeF	165.0	43.0	175.0	n/a	n/a	probeF	none
e1013	probeF	165.0	43.0	175.0	n/a	n/a	probeF	none
e1014	probeF	165.0	42.0	175.0	n/a	n/a	probeF	none
e1015	probeF	165.0	42.0	175.0	n/a	n/a	probeF	none
e1016	probeF	165.0	42.0	174.0	n/a	n/a	probeF	none
e1017	probeF	165.0	42.0	174.0	n/a	n/a	probeF	none
e1018	probeF	165.0	40.0	174.0	n/a	n/a	probeF	none
e1019	probeF	165.0	40.0	174.0	n/a	n/a	probeF	none
e1020	probeF	164.0	40.0	173.0	n/a	n/a	probeF	none
e1021	probeF	164.0	40.0	173.0	n/a	n/a	probeF	none
e1022	probeF	164.0	39.0	173.0	n/a	n/a	probeF	none
e1023	probeF	164.0	39.0	173.0	n/a	n/a	probeF	none
e1024	probeF	164.0	38.0	172.0	n/a	n/a	probeF	none
e1025	probeF	164.0	38.0	172.0	n/a	n/a	probeF	none
e1026	probeF	164.0	37.0	172.0	n/a	n/a	probeF	none
e1027	probeF	164.0	37.0	172.0	n/a	n/a	probeF	none
e1028	probeF	164.0	36.0	171.0	n/a	n/a	probeF	none
e1029	probeF	164.0	36.0	171.0	n/a	n/a	probeF	none
e1030	probeF	164.0	36.0	171.0	n/a	n/a	probeF	none
e1031	probeF	164.0	36.0	171.0	n/a	n/a	probeF	none
e1032	probeF	164.0	35.0	170.0	n/a	n/a	probeF	none
e1033	probeF	164.0	35.0	170.0	n/a	n/a	probeF	none
e1034	probeF	164.0	34.0	170.0	n/a	n/a	probeF	none
e1035	probeF	164.0	34.0	170.0	n/a	n/a	probeF	none
e1036	probeF	164.0	33.0	169.0	n/a	n/a	probeF	none
e1037	probeF	164.0	33.0	169.0	n/a	n/a	probeF	none
e1038	probeF	164.0	32.0	169.0	n/a	n/a	probeF	none
e1039	probeF	164.0	32.0	169.0	n/a	n/a	probeF	none
e1040	probeF	164.0	31.0	168.0	n/a	n/a	probeF	none
e1041	probeF	164.0	31.0	168.0	n/a	n/a	probeF	none
e1042	probeF	163.0	30.0	168.0	n/a	n/a	probeF	none
e1043	probeF	163.0	30.0	168.0	n/a	n/a	probeF	none
e1044	probeF	163.0	30.0	167.0	n/a	n/a	probeF	none
e1045	probeF	163.0	30.0	167.0	n/a	n/a	probeF	none
e1046	probeF	163.0	29.0	167.0	n/a	n/a	probeF	none
e1047	probeF	163.0	29.0	167.0	n/a	n/a	probeF	none
e1048	probeF	163.0	28.0	166.0	n/a	n/a	probeF	none
e1049	probeF	163.0	28.0	166.0	n/a	n/a	probeF	none
e1050	probeF	163.0	27.0	166.0	n/a	n/a	probeF	none
e1051	probeF	163.0	27.0	166.0	n/a	n/a	probeF	none
e1052	probeF	163.0	26.0	165.0	n/a	n/a	probeF	none
e1053	probeF	163.0	26.0	165.0	n/a	n/a	probeF	none
e1054	probeF	163.0	26.0	165.0	n/a	n/a	probeF	none
e1055	probeF	163.0	26.0	165.0	n/a	n/a	probeF	none
e1056	probeF	162.0	24.0	164.0	n/a	n/a	probeF	none
e1057	probeF	162.0	24.0	164.0	n/a	n/a	probeF	none
e1058	probeF	162.0	24.0	164.0	n/a	n/a	probeF	none
e1059	probeF	162.0	24.0	164.0	n/a	n/a	probeF	none
e1060	probeF	162.0	23.0	163.0	n/a	n/a	probeF	none
e1061	probeF	162.0	23.0	163.0	n/a	n/a	probeF	none
e1062	probeF	162.0	22.0	163.0	n/a	n/a	probeF	none
e1063	probeF	162.0	22.0	163.0	n/a	n/a	probeF	none
e1064	probeF	162.0	21.0	162.0	n/a	n/a	probeF	none
e1065	probeF	162.0	21.0	162.0	n/a	n/a	probeF	none
e1066	probeF	162.0	20.0	162.0	n/a	n/a	probeF	none
e1067	probeF	162.0	20.0	162.0	n/a	n/a	probeF	none
e1068	probeF	162.0	20.0	161.0	n/a	n/a	probeF	none
e1069	probeF	162.0	20.0	161.0	n/a	n/a	probeF	none
e1070	probeF	162.0	19.0	161.0	n/a	n/a	probeF	none
e1071	probeF	162.0	19.0	161.0	n/a	n/a	probeF	none
e1072	probeF	162.0	18.0	160.0	n/a	n/a	probeF	none
e1073	probeF	162.0	18.0	160.0	n/a	n/a	probeF	none
e1074	probeF	162.0	17.0	160.0	n/a	n/a	probeF	none
e1075	probeF	162.0	17.0	160.0	n/a	n/a	probeF	none
e1076	probeF	162.0	16.0	159.0	n/a	n/a	probeF	none
e1077	probeF	162.0	16.0	159.0	n/a	n/a	probeF	none
e1078	probeF	161.0	15.0	159.0	n/a	n/a	probeF	none
e1079	probeF	161.0	15.0	159.0	n/a	n/a	probeF	none
e1080	probeF	161.0	14.0	158.0	n/a	n/a	probeF	none
e1081	probeF	161.0	14.0	158.0	n/a	n/a	probeF	none
e1082	probeF	161.0	14.0	158.0	n/a	n/a	probeF	none
e1083	probeF	161.0	14.0	158.0	n/a	n/a	probeF	none
e1084	probeF	161.0	13.0	157.0	n/a	n/a	probeF	none
e1085	probeF	161.0	13.0	157.0	n/a	n/a	probeF	none
e1086	probeF	161.0	12.0	157.0	n/a	n/a	probeF	none
e1087	probeF	161.0	12.0	157.0	n/a	n/a	probeF	none
e1088	probeF	161.0	11.0	156.0	n/a	n/a	probeF	none
e1089	probeF	161.0	11.0	156.0	n/a	n/a	probeF	none
e1090	probeF	161.0	10.0	156.0	n/a	n/a	probeF	none
e1091	probeF	161.0	10.0	156.0	n/a	n/a	probeF	none
e1092	probeF	160.0	10.0	155.0	n/a	n/a	probeF	none
e1093	probeF	160.0	10.0	155.0	n/a	n/a	probeF	none
e1094	probeF	160.0	8.0	155.0	n/a	n/a	probeF	none
e1095	probeF	160.0	8.0	155.0	n/a	n/a	probeF	none
e1096	probeF	160.0	8.0	154.0	n/a	n/a	probeF	none
e1097	probeF	160.0	8.0	154.0	n/a	n/a	probeF	none
e1098	probeF	160.0	7.0	154.0	n/a	n/a	probeF	none
e1099	probeF	160.0	7.0	154.0	n/a	n/a	probeF	none
e1100	probeF	160.0	6.0	153.0	n/a	n/a	probeF	none
e1101	probeF	160.0	6.0	153.0	n/a	n/a	probeF	none
e1102	probeF	160.0	5.0	153.0	n/a	n/a	probeF	none
e1103	probeF	160.0	5.0	153.0	n/a	n/a	probeF	none
e1104	probeF	160.0	4.0	152.0	n/a	n/a	probeF	none
e1105	probeF	160.0	4.0	152.0	n/a	n/a	probeF	none
e1106	probeF	160.0	4.0	152.0	n/a	n/a	probeF	none
e1107	probeF	160.0	4.0	152.0	n/a	n/a	probeF	none
e1108	probeF	160.0	3.0	151.0	n/a	n/a	probeF	none
e1109	probeF	160.0	3.0	151.0	n/a	n/a	probeF	none
e1110	probeF	160.0	2.0	151.0	n/a	n/a	probeF	none
e1111	probeF	160.0	2.0	151.0	n/a	n/a	probeF	none
e1112	probeF	160.0	1.0	150.0	n/a	n/a	probeF	none
e1113	probeF	160.0	1.0	150.0	n/a	n/a	probeF	none
e1114	probeF	159.0	0.0	150.0	n/a	n/a	probeF	none
e1115	probeF	159.0	0.0	150.0	n/a	n/a	probeF	none
e1116	probeF	159.0	-1.0	149.0	n/a	n/a	probeF	none
e1117	probeF	159.0	-1.0	149.0	n/a	n/a	probeF	none
e1118	probeF	159.0	-2.0	149.0	n/a	n/a	probeF	none
e1119	probeF	159.0	-2.0	149.0	n/a	n/a	probeF	none
e1120	probeF	159.0	-2.0	148.0	n/a	n/a	probeF	none
e1121	probeF	159.0	-2.0	148.0	n/a	n/a	probeF	none
e1122	probeF	159.0	-3.0	148.0	n/a	n/a	probeF	none
e1123	probeF	159.0	-3.0	148.0	n/a	n/a	probeF	none
e1124	probeF	159.0	-4.0	147.0	n/a	n/a	probeF	none
e1125	probeF	159.0	-4.0	147.0	n/a	n/a	probeF	none
e1126	probeF	159.0	-5.0	147.0	n/a	n/a	probeF	none
e1127	probeF	159.0	-5.0	147.0	n/a	n/a	probeF	none
e1128	probeF	158.0	-6.0	146.0	n/a	n/a	probeF	none
e1129	probeF	158.0	-6.0	146.0	n/a	n/a	probeF	none
e1130	probeF	158.0	-6.0	146.0	n/a	n/a	probeF	none
e1131	probeF	158.0	-6.0	146.0	n/a	n/a	probeF	none
e1132	probeF	158.0	-7.0	145.0	n/a	n/a	probeF	none
e1133	probeF	158.0	-7.0	145.0	n/a	n/a	probeF	none
e1134	probeF	158.0	-8.0	145.0	n/a	n/a	probeF	none
e1135	probeF	158.0	-8.0	145.0	n/a	n/a	probeF	none
e1136	probeF	158.0	-9.0	144.0	n/a	n/a	probeF	none
e1137	probeF	158.0	-9.0	144.0	n/a	n/a	probeF	none
e1138	probeF	158.0	-10.0	144.0	n/a	n/a	probeF	none
e1139	probeF	158.0	-10.0	144.0	n/a	n/a	probeF	none
e1140	probeF	158.0	-11.0	143.0	n/a	n/a	probeF	none
e1141	probeF	158.0	-11.0	143.0	n/a	n/a	probeF	none
e1142	probeF	158.0	-12.0	143.0	n/a	n/a	probeF	none
e1143	probeF	158.0	-12.0	143.0	n/a	n/a	probeF	none
e1144	probeF	158.0	-12.0	142.0	n/a	n/a	probeF	none
e1145	probeF	158.0	-12.0	142.0	n/a	n/a	probeF	none
e1146	probeF	158.0	-13.0	142.0	n/a	n/a	probeF	none
e1147	probeF	158.0	-13.0	142.0	n/a	n/a	probeF	none
e1148	probeF	158.0	-14.0	141.0	n/a	n/a	probeF	none
e1149	probeF	158.0	-14.0	141.0	n/a	n/a	probeF	none
e1150	probeF	157.0	-15.0	141.0	n/a	n/a	probeF	none
e1151	probeF	157.0	-15.0	141.0	n/a	n/a	probeF	none
e1152	probeF	157.0	-16.0	140.0	n/a	n/a	probeF	none
e1153	probeF	157.0	-16.0	140.0	n/a	n/a	probeF	none
e1154	probeF	157.0	-17.0	140.0	n/a	n/a	probeF	none
e1155	probeF	157.0	-17.0	140.0	n/a	n/a	probeF	none
e1156	probeF	157.0	-18.0	139.0	n/a	n/a	probeF	none
e1157	probeF	157.0	-18.0	139.0	n/a	n/a	probeF	none
e1158	probeF	157.0	-18.0	139.0	n/a	n/a	probeF	none
e1159	probeF	157.0	-18.0	139.0	n/a	n/a	probeF	none
e1160	probeF	157.0	-19.0	138.0	n/a	n/a	probeF	none
e1161	probeF	157.0	-19.0	138.0	n/a	n/a	probeF	none
e1162	probeF	157.0	-20.0	138.0	n/a	n/a	probeF	none
e1163	probeF	157.0	-20.0	138.0	n/a	n/a	probeF	none
e1164	probeF	156.0	-21.0	137.0	n/a	n/a	probeF	none
e1165	probeF	156.0	-21.0	137.0	n/a	n/a	probeF	none
e1166	probeF	156.0	-22.0	137.0	n/a	n/a	probeF	none
e1167	probeF	156.0	-22.0	137.0	n/a	n/a	probeF	none
e1168	probeF	156.0	-22.0	136.0	n/a	n/a	probeF	none
e1169	probeF	156.0	-22.0	136.0	n/a	n/a	probeF	none
e1170	probeF	156.0	-23.0	136.0	n/a	n/a	probeF	none
e1171	probeF	156.0	-23.0	136.0	n/a	n/a	probeF	none
e1172	probeF	156.0	-24.0	135.0	n/a	n/a	probeF	none
e1173	probeF	156.0	-24.0	135.0	n/a	n/a	probeF	none
e1174	probeF	156.0	-25.0	135.0	n/a	n/a	probeF	none
e1175	probeF	156.0	-25.0	135.0	n/a	n/a	probeF	none
e1176	probeF	156.0	-26.0	134.0	n/a	n/a	probeF	none
e1177	probeF	156.0	-26.0	134.0	n/a	n/a	probeF	none
e1178	probeF	156.0	-27.0	134.0	n/a	n/a	probeF	none
e1179	probeF	156.0	-27.0	134.0	n/a	n/a	probeF	none
e1180	probeF	156.0	-28.0	133.0	n/a	n/a	probeF	none
e1181	probeF	156.0	-28.0	133.0	n/a	n/a	probeF	none
